{"stats":{"minecraft:killed":{"alexsmobs:lobster":72,"minecraft:spider":20,"minecraft:cod":2,"minecraft:skeleton":25,"minecraft:pig":6,"minecraft:zombie_villager":1,"minecraft:salmon":3,"minecraft:creeper":5,"minecraft:sheep":4,"minecraft:zombie":30,"alexsmobs:terrapin":1,"minecraft:glow_squid":2,"alexsmobs:raccoon":1,"minecraft:phantom":3,"minecraft:drowned":3,"alexsmobs:catfish":2,"chileancraft:jaiba":2,"minecraft:enderman":3},"minecraft:dropped":{"minecraft:brown_mushroom":1,"minecraft:ender_pearl":1,"minecraft:crafting_table":1,"minecraft:dirt":9,"minecraft:sand":1,"minecraft:stone_axe":1,"alexsmobs:animal_dictionary":1,"minecraft:egg":4,"minecraft:iron_ingot":9,"minecraft:wheat_seeds":2,"chileancraft:semilla_de_choclo":1,"minecraft:iron_axe":1,"minecraft:string":7,"minecraft:sweet_berries":9,"minecraft:coarse_dirt":12,"chileancraft:manzanilla":1,"chileancraft:semilla_de_cebolla":1,"alexsmobs:lobster_tail":1,"minecraft:stone_pickaxe":1},"minecraft:killed_by":{"minecraft:drowned":1,"minecraft:player":1,"minecraft:skeleton":2},"minecraft:custom":{"minecraft:animals_bred":1,"minecraft:interact_with_crafting_table":126,"minecraft:open_barrel":11,"minecraft:leave_game":7,"minecraft:time_since_death":58722,"minecraft:sprint_one_cm":1068263,"minecraft:damage_blocked_by_shield":2730,"minecraft:drop":56,"minecraft:talked_to_villager":1,"minecraft:play_time":422751,"minecraft:deaths":4,"minecraft:jump":4477,"minecraft:walk_on_water_one_cm":95109,"minecraft:interact_with_furnace":112,"minecraft:sleep_in_bed":4,"minecraft:damage_dealt":24076,"minecraft:player_kills":1,"minecraft:crouch_one_cm":90772,"minecraft:mob_kills":192,"minecraft:interact_with_campfire":43,"minecraft:climb_one_cm":8658,"minecraft:walk_one_cm":1443034,"minecraft:sneak_time":31457,"minecraft:walk_under_water_one_cm":109799,"minecraft:total_world_time":422751,"minecraft:time_since_rest":58758,"minecraft:damage_taken":4688,"minecraft:swim_one_cm":265059,"minecraft:fly_one_cm":565625,"minecraft:open_chest":80,"minecraft:fish_caught":23,"minecraft:fall_one_cm":72754},"minecraft:used":{"minecraft:iron_shovel":231,"minecraft:spruce_slab":52,"minecraft:ladder":4,"minecraft:chest":5,"minecraft:shield":62,"minecraft:rotten_flesh":29,"minecraft:tuff":7,"chileancraft:semilla_de_tomate_limachino":1,"alexsmobs:cooked_lobster_tail":26,"minecraft:hay_block":1,"minecraft:sweet_berries":42,"minecraft:furnace":16,"minecraft:oak_sapling":8,"minecraft:cooked_cod":1,"minecraft:potato":2,"minecraft:diorite":27,"minecraft:spruce_door":4,"minecraft:stone_pickaxe":394,"minecraft:wooden_pickaxe":45,"minecraft:sugar_cane":11,"minecraft:white_wool":1,"minecraft:sand":2,"chileancraft:semilla_de_cebolla":4,"chileancraft:semilla_de_uva_moscatel":1,"minecraft:bread":4,"minecraft:gravel":11,"minecraft:granite_slab":5,"chileancraft:semilla_de_uva_pais":1,"chileancraft:semilla_de_choclo":2,"minecraft:andesite":8,"minecraft:coarse_dirt":1,"minecraft:bone_meal":25,"minecraft:oak_trapdoor":1,"chileancraft:parrilla":2,"minecraft:flint_and_steel":3,"chileancraft:hacha_mapuche":25,"minecraft:dried_kelp":134,"minecraft:spruce_planks":454,"minecraft:cooked_salmon":3,"minecraft:stone_hoe":89,"minecraft:oak_door":2,"minecraft:torch":159,"minecraft:dirt":93,"minecraft:spruce_stairs":321,"minecraft:spruce_fence":84,"minecraft:granite":4,"minecraft:wooden_axe":159,"minecraft:iron_axe":378,"minecraft:iron_boots":1,"minecraft:barrel":2,"chileancraft:semilla_de_a_ji_cacho_de_cabra":2,"chileancraft:semilla_de_uva_red_globe":2,"alexsmobs:lobster_bucket":3,"minecraft:cobbled_deepslate":51,"minecraft:calcite":2,"minecraft:wheat_seeds":113,"minecraft:cooked_mutton":2,"minecraft:water_bucket":8,"alexsmobs:cooked_catfish":1,"minecraft:amethyst_block":1,"minecraft:cobblestone_stairs":8,"minecraft:spruce_fence_gate":1,"minecraft:mossy_cobblestone":11,"minecraft:crafting_table":12,"minecraft:campfire":4,"minecraft:white_bed":3,"minecraft:cod":2,"minecraft:spruce_log":281,"minecraft:black_wool":1,"minecraft:apple":1,"minecraft:iron_pickaxe":204,"minecraft:spruce_sapling":123,"minecraft:stone_axe":1122,"minecraft:fishing_rod":46,"minecraft:cobblestone":213,"minecraft:cooked_porkchop":3,"minecraft:bucket":12,"minecraft:glass_pane":49,"alexsmobs:animal_dictionary":7},"minecraft:mined":{"minecraft:large_amethyst_bud":1,"minecraft:spruce_planks":48,"minecraft:white_bed":2,"minecraft:farmland":1,"minecraft:cobblestone_stairs":6,"minecraft:budding_amethyst":1,"minecraft:granite":9,"minecraft:grass_block":14,"minecraft:tall_seagrass":5,"minecraft:cobbled_deepslate":2,"minecraft:iron_ore":65,"minecraft:fire":3,"minecraft:barrel":1,"minecraft:deepslate_lapis_ore":2,"minecraft:granite_slab":4,"minecraft:azure_bluet":1,"minecraft:dirt_path":1,"minecraft:deepslate_redstone_ore":3,"minecraft:brown_mushroom":6,"minecraft:kelp_plant":13,"minecraft:medium_amethyst_bud":1,"minecraft:amethyst_cluster":2,"minecraft:torch":6,"minecraft:calcite":2,"minecraft:chest":2,"minecraft:dead_bush":2,"minecraft:cobblestone":37,"minecraft:sugar_cane":6,"minecraft:wall_torch":10,"minecraft:amethyst_block":1,"minecraft:seagrass":3,"chileancraft:manzanilla":1,"minecraft:wheat":38,"minecraft:grass":43,"minecraft:oak_log":24,"minecraft:sand":121,"minecraft:dirt":59,"minecraft:oak_leaves":3,"minecraft:deepslate":38,"chileancraft:parra_13":1,"minecraft:tuff":7,"minecraft:mossy_cobblestone":13,"minecraft:deepslate_diamond_ore":9,"minecraft:spruce_fence":2,"chileancraft:cebolla_6":1,"minecraft:spruce_leaves":77,"minecraft:kelp":2,"minecraft:furnace":12,"minecraft:spruce_sapling":1,"minecraft:andesite":8,"minecraft:stripped_spruce_log":2,"minecraft:deepslate_iron_ore":12,"chileancraft:cebolla_1":1,"chileancraft:parrilla":1,"chileancraft:aji_6":2,"minecraft:stone":283,"minecraft:podzol":66,"minecraft:spruce_door":1,"minecraft:dandelion":1,"minecraft:crafting_table":9,"minecraft:campfire":1,"minecraft:copper_ore":2,"minecraft:lapis_ore":3,"minecraft:diorite":27,"minecraft:spruce_stairs":37,"minecraft:coarse_dirt":13,"chileancraft:tomate_11":1,"minecraft:sweet_berry_bush":15,"minecraft:spruce_log":828,"minecraft:coal_ore":80,"minecraft:gravel":12,"minecraft:fern":104},"minecraft:picked_up":{"minecraft:wooden_axe":1,"minecraft:iron_chestplate":1,"minecraft:wheat":35,"minecraft:amethyst_block":1,"chileancraft:ropa_de_huaso_helmet":1,"minecraft:string":24,"minecraft:raw_copper":8,"minecraft:cooked_salmon":4,"minecraft:iron_leggings":1,"minecraft:pufferfish":3,"minecraft:cobbled_deepslate":51,"minecraft:spruce_planks":67,"minecraft:calcite":2,"minecraft:iron_pickaxe":1,"alexsmobs:raccoon_tail":1,"chileancraft:parrilla":1,"minecraft:furnace":12,"minecraft:iron_boots":1,"minecraft:stick":93,"minecraft:torch":19,"chileancraft:jaiva_cruda":2,"minecraft:spruce_stairs":47,"minecraft:porkchop":8,"minecraft:dried_kelp":51,"minecraft:diorite":27,"chileancraft:semilla_de_cebolla":5,"minecraft:rotten_flesh":43,"minecraft:cod":17,"alexsmobs:lobster_tail":35,"minecraft:cobblestone":334,"minecraft:water_bucket":1,"minecraft:andesite":8,"minecraft:potato":1,"minecraft:flint":1,"minecraft:tuff":7,"minecraft:dirt":140,"minecraft:lapis_lazuli":28,"minecraft:bone":33,"minecraft:wheat_seeds":119,"chileancraft:semilla_de_uva_red_globe":2,"minecraft:stone_hoe":1,"minecraft:sand":153,"minecraft:stripped_spruce_log":5,"minecraft:granite_slab":4,"minecraft:barrel":1,"alexsmobs:animal_dictionary":1,"minecraft:mossy_cobblestone":17,"minecraft:diamond":9,"minecraft:granite":11,"minecraft:oak_sapling":8,"minecraft:charcoal":58,"minecraft:crafting_table":10,"minecraft:coarse_dirt":13,"minecraft:brown_mushroom":6,"minecraft:wooden_pickaxe":1,"chileancraft:semilla_de_tomate_limachino":1,"alexsmobs:cooked_catfish":3,"minecraft:oak_trapdoor":1,"minecraft:iron_axe":1,"minecraft:flint_and_steel":1,"chileancraft:cebolla":1,"minecraft:spruce_slab":6,"minecraft:chest":2,"minecraft:sugar_cane":19,"alexsmobs:cooked_lobster_tail":29,"minecraft:egg":4,"minecraft:phantom_membrane":2,"minecraft:raw_iron":77,"minecraft:spruce_fence":3,"minecraft:redstone":14,"minecraft:arrow":35,"minecraft:cooked_cod":7,"minecraft:mutton":7,"minecraft:white_wool":4,"minecraft:tripwire_hook":1,"chileancraft:semilla_de_uva_moscatel":1,"minecraft:glow_ink_sac":5,"minecraft:salmon":8,"minecraft:leather":1,"minecraft:oak_log":23,"minecraft:gunpowder":7,"minecraft:cobblestone_stairs":8,"minecraft:apple":2,"minecraft:kelp":105,"minecraft:iron_ingot":2,"minecraft:stone_pickaxe":1,"minecraft:sweet_berries":47,"minecraft:gravel":11,"minecraft:amethyst_shard":8,"minecraft:spruce_sapling":219,"chileancraft:semilla_de_a_ji_cacho_de_cabra":2,"minecraft:white_bed":2,"minecraft:spruce_log":790,"chileancraft:semilla_de_choclo":1,"minecraft:spider_eye":7,"minecraft:spruce_door":1,"alexsmobs:raw_catfish":3,"minecraft:stone_axe":1,"chileancraft:tomate_limachino":1,"chileancraft:manzanilla":1,"minecraft:black_wool":1,"minecraft:coal":111,"minecraft:ender_pearl":1},"minecraft:broken":{"minecraft:iron_boots":1,"minecraft:stone_pickaxe":3,"minecraft:stone_axe":9,"minecraft:wooden_axe":3,"minecraft:shield":1,"minecraft:iron_axe":2,"minecraft:iron_helmet":1},"minecraft:crafted":{"minecraft:oak_planks":92,"minecraft:barrel":1,"chileancraft:ropa_de_huaso_helmet":1,"chileancraft:parrilla":1,"minecraft:cobblestone_stairs":4,"minecraft:stone":4,"minecraft:cooked_mutton":2,"minecraft:iron_bars":16,"chileancraft:paja":4,"minecraft:glass":96,"minecraft:bow":1,"minecraft:iron_boots":1,"minecraft:chest":3,"minecraft:stone_hoe":1,"minecraft:cooked_porkchop":3,"minecraft:crafting_table":4,"minecraft:spruce_planks":1088,"minecraft:wooden_pickaxe":2,"minecraft:iron_helmet":1,"minecraft:spruce_door":3,"chileancraft:hacha_mapuche":1,"minecraft:hay_block":1,"minecraft:campfire":4,"minecraft:tnt":1,"minecraft:iron_chestplate":1,"minecraft:charcoal":230,"minecraft:shield":1,"minecraft:stick":88,"minecraft:iron_pickaxe":1,"minecraft:iron_ingot":75,"minecraft:spruce_fence_gate":1,"minecraft:oak_door":3,"minecraft:fishing_rod":1,"minecraft:furnace":4,"minecraft:bone_meal":27,"minecraft:spruce_fence":81,"minecraft:glass_pane":64,"minecraft:oak_trapdoor":2,"minecraft:flint_and_steel":1,"minecraft:spruce_stairs":300,"minecraft:iron_axe":2,"minecraft:ladder":6,"minecraft:spruce_slab":60,"minecraft:stone_pickaxe":4,"minecraft:dried_kelp":83,"minecraft:bucket":1,"minecraft:stone_axe":11,"minecraft:bread":8,"minecraft:air":0,"minecraft:white_wool":3,"minecraft:wooden_axe":3,"minecraft:iron_shovel":1,"minecraft:iron_leggings":1,"minecraft:white_bed":1,"minecraft:torch":140,"minecraft:granite_slab":6}},"DataVersion":3120}