{"stats":{"minecraft:crafted":{"minecraft:black_dye":16,"minecraft:smooth_stone":193,"alexsmobs:animal_dictionary":1,"travelersbackpack:crafting_upgrade":1,"iammusicplayer:boombox":1,"chileancraft:parrilla":1,"minecraft:loom":1,"minecraft:bookshelf":22,"minecraft:cooked_mutton":25,"minecraft:iron_bars":16,"minecraft:glass":96,"chileancraft:armadura_de_cobre_leggings":1,"cfm:stripped_birch_chair":4,"minecraft:black_wool":12,"chileancraft:pino":2,"minecraft:magenta_dye":36,"minecraft:wooden_shovel":3,"minecraft:cooked_porkchop":42,"travelersbackpack:lapis":2,"iammusicplayer:cassette_tape":6,"travelersbackpack:standard":3,"minecraft:spruce_door":6,"minecraft:smithing_table":1,"chileancraft:hacha_mapuche":1,"minecraft:copper_ingot":387,"minecraft:hay_block":1,"tsdpp:sprucebark_door":3,"minecraft:campfire":4,"chileancraft:empadana_de_pino_cruda":4,"minecraft:iron_pickaxe":12,"minecraft:iron_block":3,"minecraft:gold_ingot":36,"minecraft:light_gray_dye":9,"minecraft:spruce_fence_gate":2,"cfm:spruce_park_bench":4,"chileancraft:cordel":1,"minecraft:stone_shovel":5,"minecraft:jukebox":2,"chileancraft:empadana_de_pino":4,"minecraft:bone_meal":84,"minecraft:spruce_fence":132,"minecraft:pink_dye":37,"minecraft:white_carpet":3,"travelersbackpack:blank_upgrade":4,"travelersbackpack:gold_tier_upgrade":1,"minecraft:lantern":2,"minecraft:spruce_stairs":300,"travelersbackpack:white_sleeping_bag":1,"minecraft:ladder":63,"minecraft:spruce_slab":60,"minecraft:stone_pickaxe":5,"minecraft:spruce_boat":2,"chileancraft:mantequilla":16,"minecraft:redstone_block":1,"minecraft:dark_oak_planks":4,"minecraft:enchanting_table":1,"minecraft:dried_kelp":90,"chileancraft:trozo_de_zapallo":40,"travelersbackpack:redstone":1,"minecraft:wooden_axe":21,"minecraft:iron_shovel":1,"minecraft:iron_leggings":3,"minecraft:white_bed":2,"minecraft:note_block":5,"minecraft:grindstone":1,"minecraft:oak_planks":170,"iammusicplayer:music_manager":1,"minecraft:cobblestone_slab":6,"minecraft:barrel":1,"chileancraft:ropa_de_huaso_helmet":2,"minecraft:cooked_chicken":12,"minecraft:lightning_rod":1,"chileancraft:cuchillo_de_cocina":1,"chileancraft:armadura_de_cobre_boots":1,"minecraft:stone":201,"minecraft:cobblestone_stairs":4,"minecraft:heavy_weighted_pressure_plate":1,"minecraft:flower_banner_pattern":1,"minecraft:green_dye":8,"chileancraft:paja":8,"minecraft:hopper":1,"chileancraft:pico_de_cobre":2,"minecraft:bow":2,"minecraft:iron_boots":3,"minecraft:chest":29,"minecraft:stone_hoe":1,"minecraft:smoker":3,"minecraft:white_banner":1,"travelersbackpack:iron_tier_upgrade":1,"minecraft:crafting_table":11,"minecraft:spruce_planks":2092,"minecraft:baked_potato":2,"minecraft:iron_helmet":3,"minecraft:wooden_pickaxe":2,"chileancraft:curanto":1,"minecraft:pumpkin_seeds":12,"minecraft:tnt":1,"minecraft:spruce_trapdoor":2,"minecraft:iron_chestplate":4,"minecraft:book":38,"minecraft:paper":105,"minecraft:diamond_pickaxe":1,"minecraft:charcoal":612,"minecraft:yellow_dye":9,"minecraft:purple_dye":2,"minecraft:shield":9,"minecraft:stick":416,"cfm:stripped_oak_table":8,"minecraft:iron_ingot":346,"minecraft:stone_sword":5,"minecraft:shears":3,"chileancraft:copper_nugget":9,"minecraft:wooden_sword":1,"minecraft:oak_door":3,"minecraft:fishing_rod":1,"iammusicplayer:cassette_deck":1,"minecraft:spruce_button":1,"minecraft:furnace":7,"minecraft:blast_furnace":3,"minecraft:oak_trapdoor":2,"minecraft:glass_pane":80,"minecraft:flint_and_steel":5,"minecraft:iron_axe":3,"travelersbackpack:light_gray_sleeping_bag":1,"chileancraft:sopaipilla_cruda":36,"chileancraft:moneda_de_500":2,"minecraft:cooked_beef":10,"minecraft:red_dye":20,"minecraft:cooked_cod":311,"minecraft:diamond_sword":1,"minecraft:iron_trapdoor":1,"minecraft:spruce_sign":9,"travelersbackpack:backpack_tank":6,"minecraft:black_banner":2,"minecraft:bucket":2,"chileancraft:pinones_cocidos":1,"minecraft:stone_axe":23,"minecraft:bread":83,"minecraft:air":0,"minecraft:jungle_planks":4,"minecraft:blue_dye":13,"travelersbackpack:squid":1,"minecraft:oak_boat":3,"minecraft:white_wool":3,"chileancraft:masa":3,"cfm:oak_desk":2,"minecraft:white_dye":3,"minecraft:stonecutter":1,"minecraft:anvil":1,"minecraft:torch":1080,"minecraft:granite_slab":6,"minecraft:lapis_block":4},"minecraft:used":{"minecraft:moss_block":3,"minecraft:spruce_slab":54,"minecraft:ladder":44,"minecraft:chest":28,"minecraft:rotten_flesh":45,"iammusicplayer:boombox":1,"cfm:oak_desk":3,"minecraft:spruce_boat":12,"minecraft:jungle_sapling":3,"chileancraft:olla_de_greda_cocida":2,"chileancraft:semilla_de_tomate_limachino":3,"minecraft:birch_sapling":11,"chileancraft:telar_top":1,"chileancraft:escudinho":50,"minecraft:bow":168,"minecraft:sweet_berries":51,"minecraft:cooked_cod":231,"minecraft:furnace":20,"minecraft:oak_sapling":37,"minecraft:egg":66,"minecraft:potato":22,"travelersbackpack:redstone":7,"minecraft:mossy_stone_bricks":1,"minecraft:diorite":32,"minecraft:spruce_door":10,"minecraft:cactus":18,"minecraft:wooden_pickaxe":45,"minecraft:glow_berries":16,"minecraft:blue_dye":1,"minecraft:sand":12,"minecraft:blast_furnace":6,"minecraft:pumpkin_seeds":8,"minecraft:lightning_rod":2,"chileancraft:semilla_de_uva_moscatel":2,"chileancraft:pico_de_cobre":202,"minecraft:diamond_sword":503,"minecraft:wooden_sword":121,"minecraft:smithing_table":1,"minecraft:birch_log":4,"minecraft:oak_boat":8,"minecraft:oak_trapdoor":2,"cfm:stripped_birch_chair":5,"minecraft:enchanting_table":2,"minecraft:stone_sword":740,"minecraft:carved_pumpkin":1,"chileancraft:hacha_mapuche":50,"chileancraft:vino_blanco":1,"minecraft:cooked_salmon":8,"minecraft:netherrack":51,"minecraft:torch":1185,"minecraft:anvil":1,"chileancraft:pinones_cocidos":1,"chileancraft:ropa_de_huaso_helmet":1,"minecraft:iron_axe":516,"minecraft:jungle_log":26,"travelersbackpack:squid":5,"chileancraft:bloque_de_paja":3,"minecraft:barrel":3,"minecraft:smooth_basalt":5,"minecraft:bamboo":25,"minecraft:iron_trapdoor":3,"minecraft:cobbled_deepslate":99,"minecraft:calcite":2,"minecraft:wheat_seeds":350,"alexsmobs:cooked_catfish":3,"minecraft:water_bucket":33,"minecraft:leather_boots":1,"minecraft:glow_ink_sac":4,"minecraft:spruce_fence_gate":3,"minecraft:deepslate_bricks":918,"minecraft:mossy_cobblestone":25,"minecraft:rail":2,"chileancraft:diguenes":1,"minecraft:tnt":1,"minecraft:crafting_table":33,"minecraft:white_bed":9,"minecraft:campfire":4,"minecraft:cod":2,"minecraft:spruce_log":284,"chileancraft:tinaja_de_greda_cocida":2,"minecraft:oak_log":7,"minecraft:yellow_dye":1,"minecraft:diamond_pickaxe":831,"minecraft:cornflower":1,"travelersbackpack:bookshelf":5,"minecraft:iron_pickaxe":2432,"chileancraft:banderadark":2,"minecraft:spruce_trapdoor":1,"minecraft:spruce_sapling":194,"cfm:stripped_oak_table":6,"minecraft:cobblestone":660,"travelersbackpack:standard":4,"cfm:spruce_park_bench":5,"minecraft:cooked_porkchop":70,"minecraft:glass_pane":49,"minecraft:dandelion":1,"chileancraft:escudnho_2":2,"minecraft:moss_carpet":4,"minecraft:iron_shovel":251,"alexsmobs:small_catfish_bucket":1,"travelersbackpack:lapis":9,"minecraft:shield":409,"minecraft:iron_chestplate":7,"minecraft:carrot":31,"minecraft:tuff":11,"minecraft:obsidian":10,"alexsmobs:lobster_tail":1,"minecraft:lantern":2,"alexsmobs:cooked_lobster_tail":30,"minecraft:iron_helmet":1,"minecraft:hay_block":1,"iammusicplayer:cassette_deck":1,"minecraft:stone_pickaxe":525,"minecraft:oak_planks":2,"minecraft:sandstone":2,"chileancraft:tronco_de_araucaria":4,"chileancraft:ropa_mapuche_0_chestplate":2,"minecraft:sugar_cane":39,"iammusicplayer:music_manager":1,"minecraft:white_wool":2,"minecraft:loom":3,"chileancraft:semilla_de_cebolla":5,"minecraft:note_block":3,"tsdpp:sprucebark_door":3,"minecraft:shears":1,"minecraft:melon_slice":17,"minecraft:heavy_weighted_pressure_plate":1,"minecraft:bread":61,"minecraft:string":2,"minecraft:gravel":15,"minecraft:granite_slab":7,"chileancraft:semilla_de_uva_pais":1,"chileancraft:semilla_de_choclo":5,"minecraft:grindstone":1,"minecraft:andesite":11,"chileancraft:tronco_de_espino":1,"minecraft:coarse_dirt":24,"minecraft:bone_meal":79,"minecraft:flint_and_steel":129,"chileancraft:parrilla":2,"minecraft:tropical_fish":10,"minecraft:stone_shovel":613,"minecraft:dried_kelp":135,"minecraft:spruce_planks":553,"chileancraft:ruda":1,"minecraft:wooden_shovel":177,"minecraft:stone_hoe":89,"minecraft:cooked_chicken":3,"minecraft:oak_door":2,"chileancraft:tula":3,"minecraft:dirt":870,"minecraft:white_carpet":9,"minecraft:hopper":1,"minecraft:spruce_stairs":322,"minecraft:cobblestone_wall":2,"minecraft:pink_dye":1,"minecraft:spruce_fence":145,"minecraft:granite":14,"minecraft:wooden_axe":1097,"minecraft:bookshelf":22,"chileancraft:plato_bajo_de_greda_cocida_item":2,"minecraft:iron_boots":5,"chileancraft:semilla_de_a_ji_cacho_de_cabra":6,"chileancraft:chemamull":1,"chileancraft:semilla_de_uva_red_globe":3,"alexsmobs:lobster_bucket":3,"minecraft:cooked_beef":53,"minecraft:red_dye":1,"minecraft:pumpkin":1,"minecraft:iron_leggings":5,"minecraft:brown_bed":2,"minecraft:cooked_mutton":21,"minecraft:amethyst_block":1,"minecraft:cobblestone_stairs":8,"minecraft:baked_potato":4,"chileancraft:chocman":9,"minecraft:brown_mushroom":1,"minecraft:spruce_sign":10,"minecraft:stonecutter":1,"chileancraft:plato_hondo_de_greda_cocida_item":5,"minecraft:smoker":3,"chileancraft:piramide":1,"minecraft:flower_pot":3,"minecraft:black_wool":1,"minecraft:apple":2,"chileancraft:super_8":4,"minecraft:chicken":2,"chileancraft:remolino":1,"minecraft:stone_axe":2637,"chileancraft:armadura_de_cobre_boots":1,"minecraft:fishing_rod":828,"minecraft:bucket":45,"alexsmobs:animal_dictionary":35,"minecraft:smooth_stone":163},"minecraft:broken":{"minecraft:wooden_shovel":3,"minecraft:iron_boots":3,"minecraft:iron_chestplate":2,"minecraft:iron_leggings":2,"minecraft:wooden_sword":3,"minecraft:stone_sword":5,"minecraft:shield":5,"minecraft:iron_axe":3,"minecraft:iron_pickaxe":8,"minecraft:iron_helmet":2,"minecraft:iron_shovel":1,"minecraft:stone_pickaxe":4,"chileancraft:hacha_mapuche":1,"minecraft:stone_axe":21,"minecraft:wooden_axe":19,"minecraft:stone_shovel":4,"minecraft:flint_and_steel":1,"chileancraft:pico_de_cobre":1,"minecraft:leather_boots":1},"minecraft:killed":{"alexsmobs:lobster":79,"chileancraft:paco":2,"minecraft:cod":13,"minecraft:skeleton":159,"minecraft:chicken":12,"alexsmobs:skelewag":2,"minecraft:tropical_fish":2,"chileancraft:reineta":2,"minecraft:salmon":5,"chileancraft:macha":4,"minecraft:pillager":9,"minecraft:zombie":220,"minecraft:glow_squid":3,"minecraft:cow":29,"alexsmobs:raccoon":1,"chileancraft:mujer_mapuche":1,"alexsmobs:catfish":2,"chileancraft:jaiba":2,"minecraft:enderman":11,"minecraft:witch":1,"minecraft:spider":83,"chileancraft:trompo":1,"minecraft:pig":42,"minecraft:zombie_villager":3,"minecraft:creeper":53,"minecraft:sheep":39,"minecraft:trader_llama":6,"alexsmobs:terrapin":1,"alexsmobs:fly":5,"minecraft:slime":14,"minecraft:phantom":3,"alexsmobs:bison":3,"minecraft:drowned":28,"chileancraft:mapuche_hombre":2,"alexsmobs:flying_fish":4,"chileancraft:paco_ffee":2,"minecraft:squid":8,"alexsmobs:cockroach":1},"minecraft:mined":{"minecraft:white_bed":9,"minecraft:jungle_leaves":123,"minecraft:carved_pumpkin":1,"minecraft:obsidian":16,"minecraft:granite":31,"chileancraft:doca":38,"minecraft:acacia_log":8,"minecraft:jungle_log":476,"minecraft:deepslate_bricks":24,"chileancraft:plato_bajo_de_greda_cocida":3,"minecraft:oxeye_daisy":7,"minecraft:tall_seagrass":9,"chileancraft:tuna_17":2,"minecraft:cobbled_deepslate":8,"minecraft:fire":128,"minecraft:barrel":2,"minecraft:pumpkin":35,"minecraft:granite_slab":6,"minecraft:deepslate_lapis_ore":22,"minecraft:enchanting_table":1,"minecraft:cave_vines":34,"minecraft:dirt_path":1,"cfm:stripped_birch_chair":2,"minecraft:tripwire":2,"minecraft:brown_mushroom":7,"minecraft:kelp_plant":13,"minecraft:amethyst_cluster":2,"chileancraft:tronco_de_espino":1,"minecraft:torch":24,"minecraft:note_block":2,"minecraft:blast_furnace":3,"minecraft:melon":2,"minecraft:dead_bush":3,"minecraft:spruce_wall_sign":1,"minecraft:sugar_cane":81,"chileancraft:taza_de_greda_cocida":1,"minecraft:amethyst_block":3,"minecraft:birch_sapling":1,"minecraft:chain":3,"chileancraft:choclo_8":5,"chileancraft:plato_hondo_de_greda_cocida":7,"chileancraft:manzanilla":1,"minecraft:wheat":278,"minecraft:lilac":18,"minecraft:grass":344,"minecraft:loom":2,"minecraft:smooth_basalt":3,"minecraft:deepslate":1771,"chileancraft:parra_13":1,"chileancraft:parra_14":2,"minecraft:mossy_cobblestone":39,"minecraft:dark_oak_log":1,"minecraft:stripped_birch_log":4,"minecraft:allium":9,"minecraft:spruce_fence":14,"chileancraft:bloque_de_paja":3,"chileancraft:tomate_12":1,"chileancraft:cebolla_6":1,"travelersbackpack:bookshelf":1,"minecraft:moss_block":5,"minecraft:kelp":3,"minecraft:redstone_ore":3,"chileancraft:san_pedro":1,"minecraft:andesite":51,"chileancraft:cebolla_1":1,"minecraft:vine":33,"minecraft:bamboo_sapling":1,"minecraft:bamboo":3,"chileancraft:parra_11":2,"minecraft:dandelion":63,"minecraft:cornflower":11,"minecraft:campfire":1,"minecraft:lightning_rod":2,"minecraft:tall_grass":72,"minecraft:copper_ore":68,"chileancraft:cardo":1,"minecraft:deepslate_gold_ore":21,"minecraft:diorite":74,"travelersbackpack:squid":1,"minecraft:coarse_dirt":38,"minecraft:cobblestone_wall":2,"minecraft:white_carpet":6,"minecraft:spruce_log":1824,"minecraft:birch_leaves":31,"minecraft:gravel":20,"minecraft:cobweb":5,"minecraft:spruce_fence_gate":1,"minecraft:gold_ore":3,"minecraft:iron_trapdoor":2,"minecraft:fern":152,"minecraft:large_amethyst_bud":1,"minecraft:spruce_planks":61,"chileancraft:mena_desalitre":6,"minecraft:farmland":1,"minecraft:cobblestone_stairs":6,"webdisplays:screen":12,"minecraft:cave_vines_plant":21,"minecraft:budding_amethyst":1,"minecraft:grass_block":31,"chileancraft:ruda":1,"minecraft:smooth_stone":1,"minecraft:glowstone":16,"minecraft:iron_ore":252,"minecraft:azure_bluet":6,"minecraft:brown_bed":4,"minecraft:red_tulip":1,"minecraft:deepslate_redstone_ore":55,"chileancraft:tronco_de_araucaria":4,"chileancraft:hojas_de_araucaria":11,"minecraft:medium_amethyst_bud":1,"chileancraft:telar_top":3,"minecraft:calcite":7,"minecraft:poppy":64,"minecraft:chest":3,"cfm:oak_desk":1,"minecraft:nether_quartz_ore":13,"minecraft:cobblestone":70,"minecraft:iron_door":6,"minecraft:wall_torch":45,"minecraft:seagrass":6,"cfm:spruce_park_bench":1,"chileancraft:tinaja_de_greda_cocida":4,"minecraft:birch_log":39,"chileancraft:piramide":1,"minecraft:orange_tulip":10,"minecraft:oak_log":148,"minecraft:sand":307,"minecraft:dirt":777,"minecraft:potted_red_tulip":3,"minecraft:netherrack":54,"minecraft:oak_leaves":44,"minecraft:tuff":49,"travelersbackpack:lapis":5,"minecraft:deepslate_diamond_ore":28,"minecraft:ladder":1,"minecraft:spruce_leaves":651,"minecraft:sandstone":2,"minecraft:large_fern":11,"minecraft:spruce_sapling":1,"minecraft:furnace":19,"minecraft:carrots":8,"minecraft:stripped_spruce_log":2,"chileancraft:diguene":1,"minecraft:bookshelf":24,"minecraft:deepslate_iron_ore":85,"chileancraft:parrilla":1,"chileancraft:cebolla_9":3,"minecraft:lantern":8,"minecraft:stripped_oak_log":6,"chileancraft:aji_6":4,"minecraft:stone":953,"minecraft:podzol":163,"tsdpp:sprucebark_door":3,"minecraft:spruce_door":3,"minecraft:crafting_table":25,"minecraft:rose_bush":1,"minecraft:lapis_ore":7,"minecraft:lily_pad":1,"minecraft:spruce_stairs":37,"minecraft:cactus":25,"chileancraft:tomate_11":1,"minecraft:sweet_berry_bush":19,"chileancraft:parra_17":1,"minecraft:coal_ore":163,"minecraft:cocoa":2,"travelersbackpack:redstone":2,"chileancraft:olla_de_greda_cocida":4,"minecraft:mossy_stone_bricks":1},"minecraft:custom":{"minecraft:interact_with_crafting_table":424,"minecraft:open_barrel":130,"minecraft:leave_game":38,"minecraft:time_since_death":202524,"minecraft:damage_blocked_by_shield":18590,"minecraft:play_time":2561081,"minecraft:deaths":31,"minecraft:jump":28589,"minecraft:enchant_item":12,"minecraft:interact_with_furnace":198,"minecraft:sleep_in_bed":64,"minecraft:damage_dealt":121211,"minecraft:interact_with_smoker":126,"minecraft:horse_one_cm":27644,"minecraft:interact_with_smithing_table":8,"minecraft:interact_with_anvil":20,"minecraft:inspect_hopper":1,"minecraft:sneak_time":119347,"minecraft:interact_with_blast_furnace":118,"minecraft:total_world_time":2561081,"minecraft:tune_noteblock":4866,"minecraft:interact_with_stonecutter":7,"minecraft:time_since_rest":11766,"minecraft:swim_one_cm":1077646,"minecraft:fly_one_cm":3508031,"minecraft:open_chest":1146,"minecraft:fish_caught":584,"minecraft:fall_one_cm":440425,"minecraft:animals_bred":13,"minecraft:sprint_one_cm":8738636,"minecraft:drop":314,"minecraft:play_noteblock":4,"minecraft:talked_to_villager":31,"minecraft:walk_on_water_one_cm":455425,"minecraft:interact_with_loom":12,"minecraft:player_kills":1,"minecraft:crouch_one_cm":374042,"minecraft:mob_kills":904,"minecraft:interact_with_campfire":71,"minecraft:climb_one_cm":262006,"minecraft:walk_one_cm":6529715,"minecraft:walk_under_water_one_cm":306271,"minecraft:boat_one_cm":1738286,"minecraft:pot_flower":3,"minecraft:interact_with_grindstone":3,"minecraft:damage_taken":28987},"minecraft:killed_by":{"minecraft:zombie":2,"alexsmobs:skelewag":2,"alexsmobs:centipede_head":1,"minecraft:creeper":8,"minecraft:drowned":3,"minecraft:player":1,"minecraft:enderman":1,"minecraft:skeleton":11},"minecraft:picked_up":{"minecraft:iron_chestplate":15,"minecraft:flower_pot":3,"minecraft:lead":40,"minecraft:diamond_sword":2,"minecraft:brown_bed":7,"minecraft:enchanted_book":3,"minecraft:amethyst_block":3,"minecraft:string":148,"minecraft:cooked_salmon":4,"chileancraft:molotov_muy_real":2,"minecraft:pufferfish":59,"minecraft:cobbled_deepslate":1783,"minecraft:spruce_planks":498,"minecraft:melon_slice":38,"minecraft:acacia_log":8,"chileancraft:jaiva_cruda":2,"minecraft:lightning_rod":2,"chileancraft:uva_pais":1,"chileancraft:tronco_de_araucaria":4,"alexsmobs:centipede_leg":2,"chileancraft:semilla_de_cebolla":22,"minecraft:stone_sword":3,"minecraft:tropical_fish":21,"minecraft:red_tulip":4,"minecraft:carved_pumpkin":1,"alexsmobs:flying_fish":4,"alexsmobs:lobster_tail":39,"minecraft:birch_log":39,"minecraft:feather":19,"minecraft:cooked_beef":112,"minecraft:iron_door":38,"minecraft:water_bucket":13,"minecraft:jungle_log":527,"minecraft:brown_wool":4,"alexsmobs:bison_fur":4,"minecraft:flint":5,"chileancraft:uva_moscatel":1,"minecraft:lantern":24,"chileancraft:cordel":2,"chileancraft:semilla_de_uva_red_globe":12,"chileancraft:pinones":48,"minecraft:glowstone_dust":46,"minecraft:moss_block":17,"chileancraft:tuna_0":6,"minecraft:stripped_spruce_log":5,"chileancraft:olla_de_greda_cocida":8,"minecraft:ink_sac":36,"minecraft:granite_slab":6,"minecraft:loom":2,"minecraft:dark_oak_log":1,"alexsmobs:animal_dictionary":7,"minecraft:barrel":2,"minecraft:granite":47,"cfm:oak_desk":1,"minecraft:bread":3,"alexsmobs:maggot":12,"chileancraft:san_pedro":2,"chileancraft:mil_pesos":3,"minecraft:diamond_pickaxe":1,"chileancraft:taza_de_greda_cocida_item":1,"minecraft:crafting_table":37,"chileancraft:tinaja_de_greda_cocida":7,"minecraft:coarse_dirt":38,"cfm:spruce_park_bench":1,"minecraft:clay_ball":16,"minecraft:cornflower":12,"alexsmobs:cooked_catfish":3,"minecraft:flint_and_steel":14,"minecraft:white_carpet":6,"chileancraft:chemamull":1,"travelersbackpack:redstone":2,"minecraft:beef":54,"travelersbackpack:lapis":5,"minecraft:jungle_sapling":78,"minecraft:iron_nugget":38,"minecraft:poppy":64,"minecraft:spruce_slab":6,"minecraft:chest":3,"alexsmobs:cooked_lobster_tail":30,"minecraft:birch_sapling":11,"minecraft:egg":135,"minecraft:sandstone":2,"minecraft:spruce_fence":15,"minecraft:fire_charge":2,"chileancraft:macha_cruda":6,"minecraft:carrot":51,"minecraft:redstone":405,"minecraft:cooked_cod":125,"minecraft:deepslate_bricks":24,"minecraft:gold_ingot":6,"minecraft:glow_berries":25,"minecraft:mutton":40,"minecraft:white_wool":82,"minecraft:rail":2,"minecraft:oxeye_daisy":8,"minecraft:stripped_oak_log":6,"chileancraft:plato_hondo_de_greda_cocida_item":10,"chileancraft:diguenes":13,"chileancraft:semilla_de_uva_moscatel":10,"chileancraft:armadura_de_cobre_leggings":2,"minecraft:tripwire_hook":4,"minecraft:oak_log":143,"minecraft:lily_pad":6,"cfm:stripped_birch_chair":2,"minecraft:paper":8,"minecraft:white_banner":4,"minecraft:apple":7,"minecraft:kelp":125,"alexsmobs:cockroach_wing_fragment":1,"minecraft:stone_pickaxe":2,"chileancraft:choclo":19,"minecraft:flowering_azalea":1,"chileancraft:moneda_de_10":3,"minecraft:smooth_basalt":5,"minecraft:milk_bucket":1,"minecraft:sweet_berries":68,"minecraft:gravel":18,"minecraft:spruce_sapling":545,"minecraft:spruce_log":1799,"chileancraft:trutruca":2,"minecraft:leather_helmet":1,"minecraft:slime_ball":16,"minecraft:stone_axe":7,"chileancraft:ropa_mapuche_0_chestplate":7,"minecraft:gray_wool":2,"minecraft:baked_potato":4,"minecraft:pink_dye":36,"minecraft:ender_pearl":6,"minecraft:wheat":315,"minecraft:iron_trapdoor":2,"minecraft:potion":1,"chileancraft:ropa_de_huaso_helmet":13,"chileancraft:curanto":1,"minecraft:raw_copper":397,"minecraft:iron_leggings":9,"alexsmobs:banana":15,"chileancraft:semilla_de_aji_verde":3,"minecraft:smooth_stone":1,"minecraft:rose_bush":1,"minecraft:calcite":7,"chileancraft:merluza_cruda":2,"minecraft:iron_pickaxe":12,"alexsmobs:raccoon_tail":1,"chileancraft:parrilla":1,"minecraft:iron_boots":13,"minecraft:furnace":23,"minecraft:stick":664,"minecraft:oak_fence":3,"minecraft:torch":171,"minecraft:spruce_stairs":47,"minecraft:porkchop":49,"minecraft:dried_kelp":51,"minecraft:diorite":77,"minecraft:cactus":50,"minecraft:rotten_flesh":638,"chileancraft:telar_top":6,"alexsmobs:emu_egg":1,"minecraft:obsidian":38,"minecraft:cod":367,"minecraft:cobblestone":1182,"chileancraft:vino_blanco":7,"minecraft:nautilus_shell":2,"minecraft:enchanting_table":1,"minecraft:leather_chestplate":2,"minecraft:lilac":18,"minecraft:andesite":54,"chileancraft:tronco_de_espino":1,"minecraft:potato":26,"chileancraft:armadura_de_cobre_boots":2,"chileancraft:kultrun":2,"minecraft:tuff":49,"minecraft:light_gray_dye":1,"chileancraft:piramide":1,"chileancraft:sopaipilla":5,"chileancraft:lanza_2":35,"chileancraft:salitre":12,"minecraft:lapis_lazuli":275,"minecraft:dirt":1580,"minecraft:stripped_birch_log":4,"minecraft:name_tag":3,"minecraft:leather_boots":4,"travelersbackpack:bookshelf":3,"minecraft:bone":280,"minecraft:bow":23,"minecraft:orange_tulip":10,"minecraft:wheat_seeds":810,"minecraft:raw_gold":40,"chileancraft:escudinho":6,"minecraft:mossy_stone_bricks":3,"minecraft:bamboo":23,"minecraft:stone_hoe":1,"travelersbackpack:squid":1,"minecraft:cooked_porkchop":56,"chileancraft:bloque_de_paja":3,"minecraft:sand":427,"minecraft:grass_block":2,"minecraft:mossy_cobblestone":43,"minecraft:spruce_fence_gate":1,"minecraft:clay":2,"minecraft:diamond":31,"minecraft:spruce_boat":19,"minecraft:crossbow":1,"minecraft:golden_apple":2,"minecraft:spruce_sign":1,"minecraft:oak_sapling":81,"minecraft:netherrack":70,"minecraft:fishing_rod":7,"minecraft:cocoa_beans":34,"minecraft:charcoal":81,"minecraft:allium":9,"minecraft:azure_bluet":5,"minecraft:chicken":16,"minecraft:ladder":1,"chileancraft:super_8":4,"minecraft:brown_mushroom":8,"minecraft:wooden_pickaxe":1,"minecraft:gold_block":2,"minecraft:chain":3,"chileancraft:semilla_de_tomate_limachino":13,"minecraft:shield":12,"minecraft:oak_trapdoor":1,"minecraft:moss_carpet":4,"minecraft:iron_axe":2,"minecraft:wooden_sword":1,"chileancraft:escudnho_2":3,"chileancraft:cebolla":4,"minecraft:oak_boat":7,"minecraft:light_gray_wool":3,"minecraft:sugar_cane":180,"minecraft:phantom_membrane":2,"chileancraft:huevo_de_codorniz":2,"minecraft:raw_iron":472,"chileancraft:ruda":2,"chileancraft:semilla_de_uva_pais":10,"minecraft:copper_ingot":2,"chileancraft:remolino":16,"minecraft:bowl":6,"minecraft:note_block":2,"chileancraft:tuna":11,"minecraft:arrow":335,"chileancraft:uniforme_paco_helmet":1,"minecraft:saddle":6,"chileancraft:plato_bajo_de_greda_cocida_item":3,"minecraft:glow_ink_sac":30,"minecraft:salmon":144,"minecraft:leather":66,"minecraft:gunpowder":71,"minecraft:cobblestone_wall":2,"minecraft:cobblestone_stairs":8,"chileancraft:uva_red_glob":2,"minecraft:cooked_mutton":36,"minecraft:iron_ingot":14,"minecraft:spruce_wood":6,"minecraft:cooked_chicken":6,"chileancraft:chocman":14,"minecraft:acacia_sapling":4,"minecraft:book":584,"minecraft:pumpkin":36,"minecraft:quartz":13,"minecraft:dandelion":63,"minecraft:amethyst_shard":8,"chileancraft:semilla_de_a_ji_cacho_de_cabra":12,"minecraft:blast_furnace":3,"minecraft:white_bed":11,"chileancraft:semilla_de_choclo":16,"minecraft:spruce_door":5,"minecraft:spider_eye":48,"alexsmobs:raw_catfish":3,"minecraft:pumpkin_seeds":17,"chileancraft:tomate_limachino":3,"minecraft:iron_helmet":4,"chileancraft:doca":53,"chileancraft:tula":2,"chileancraft:manzanilla":1,"minecraft:black_wool":1,"minecraft:coal":205,"minecraft:wooden_axe":4},"minecraft:dropped":{"chileancraft:semilla_de_a_ji_cacho_de_cabra":1,"minecraft:clay":1,"minecraft:cooked_beef":1,"chileancraft:semilla_de_tomate_limachino":1,"minecraft:glass_bottle":1,"minecraft:crafting_table":1,"minecraft:saddle":1,"minecraft:dirt":32,"chileancraft:remolino":1,"minecraft:yellow_dye":1,"chileancraft:lanza_2":3,"minecraft:sand":1,"minecraft:iron_pickaxe":1,"chileancraft:copper_nugget":4,"minecraft:white_wool":3,"minecraft:bone":9,"minecraft:stone_axe":7,"minecraft:iron_nugget":3,"alexsmobs:animal_dictionary":1,"minecraft:wheat":3,"minecraft:birch_sapling":1,"minecraft:obsidian":5,"minecraft:rotten_flesh":3,"chileancraft:tinaja_de_greda_cocida":2,"minecraft:azure_bluet":1,"minecraft:white_bed":2,"minecraft:charcoal":9,"minecraft:jungle_log":340,"chileancraft:telar_top":2,"minecraft:egg":6,"minecraft:iron_ingot":9,"chileancraft:ropa_de_huaso_helmet":1,"minecraft:wheat_seeds":23,"chileancraft:plato_bajo_de_greda_cocida_item":1,"chileancraft:semilla_de_uva_red_globe":2,"minecraft:oxeye_daisy":1,"minecraft:wooden_axe":2,"minecraft:potion":1,"chileancraft:semilla_de_choclo":2,"chileancraft:ruda":1,"minecraft:string":14,"cfm:stripped_birch_chair":1,"minecraft:spruce_sapling":5,"minecraft:stone_sword":2,"minecraft:stone_shovel":1,"chileancraft:manzanilla":1,"chileancraft:semilla_de_uva_moscatel":1,"minecraft:shears":1,"minecraft:pumpkin_seeds":11,"minecraft:diamond_sword":1,"chileancraft:plato_hondo_de_greda_cocida_item":2,"minecraft:potato":6,"minecraft:spruce_boat":1,"chileancraft:doca":16,"minecraft:brown_bed":1,"minecraft:spider_eye":2,"minecraft:light_gray_dye":1,"minecraft:bow":9,"minecraft:moss_block":6,"minecraft:brown_mushroom":1,"minecraft:oak_log":7,"minecraft:ender_pearl":1,"chileancraft:diguenes":3,"minecraft:black_banner":1,"cfm:stripped_oak_table":2,"minecraft:gold_ingot":2,"chileancraft:ropa_mapuche_0_chestplate":1,"chileancraft:uniforme_paco_helmet":1,"minecraft:arrow":38,"alexsmobs:banana":2,"minecraft:bread":1,"minecraft:lead":2,"minecraft:stick":2,"chileancraft:curanto":1,"minecraft:blue_dye":1,"chileancraft:pinones":8,"minecraft:milk_bucket":1,"minecraft:flowering_azalea":1,"minecraft:iron_axe":1,"chileancraft:olla_de_greda_cocida":3,"minecraft:tripwire_hook":1,"minecraft:sweet_berries":9,"minecraft:kelp":1,"alexsmobs:maggot":1,"minecraft:coarse_dirt":12,"minecraft:flint_and_steel":1,"chileancraft:semilla_de_cebolla":1,"minecraft:shield":1,"alexsmobs:lobster_tail":1,"minecraft:oak_sapling":1,"minecraft:stone_pickaxe":2}},"DataVersion":3120}