{"stats":{"minecraft:crafted":{"minecraft:black_dye":16,"minecraft:smooth_stone":193,"alexsmobs:animal_dictionary":1,"travelersbackpack:crafting_upgrade":1,"iammusicplayer:boombox":1,"chileancraft:parrilla":1,"minecraft:loom":1,"minecraft:bookshelf":26,"minecraft:cooked_mutton":25,"minecraft:iron_bars":16,"minecraft:glass":96,"minecraft:diamond_helmet":1,"chileancraft:armadura_de_cobre_leggings":2,"alexsmobs:banner_pattern_bear":1,"cfm:stripped_birch_chair":4,"minecraft:black_wool":12,"chileancraft:pino":2,"minecraft:magenta_dye":36,"minecraft:wooden_shovel":3,"minecraft:emerald":99,"minecraft:cooked_porkchop":42,"travelersbackpack:lapis":2,"iammusicplayer:cassette_tape":19,"travelersbackpack:standard":5,"minecraft:spruce_door":6,"minecraft:smithing_table":1,"chileancraft:hacha_mapuche":1,"minecraft:copper_ingot":387,"minecraft:fletching_table":1,"minecraft:hay_block":1,"tsdpp:sprucebark_door":3,"minecraft:campfire":4,"chileancraft:empadana_de_pino_cruda":4,"minecraft:lectern":4,"minecraft:iron_pickaxe":12,"minecraft:iron_block":6,"minecraft:gold_ingot":36,"minecraft:light_gray_dye":9,"minecraft:spruce_fence_gate":2,"chileancraft:espada_de_cobre":2,"cfm:spruce_park_bench":4,"chileancraft:cordel":1,"minecraft:stone_shovel":5,"minecraft:jukebox":2,"chileancraft:empadana_de_pino":4,"minecraft:bone_meal":90,"minecraft:spruce_fence":132,"minecraft:pink_dye":37,"chileancraft:armadura_de_cobre_helmet":1,"minecraft:white_carpet":3,"travelersbackpack:blank_upgrade":4,"travelersbackpack:gold_tier_upgrade":1,"minecraft:lantern":2,"minecraft:spruce_stairs":300,"travelersbackpack:white_sleeping_bag":1,"minecraft:ladder":84,"minecraft:spruce_slab":84,"minecraft:stone_pickaxe":5,"minecraft:diamond_boots":1,"minecraft:spruce_boat":2,"chileancraft:mantequilla":16,"minecraft:redstone_block":1,"minecraft:dark_oak_planks":4,"minecraft:enchanting_table":1,"minecraft:dried_kelp":154,"chileancraft:trozo_de_zapallo":40,"minecraft:enchanted_book":3,"travelersbackpack:redstone":1,"minecraft:wooden_axe":21,"minecraft:iron_shovel":1,"minecraft:iron_leggings":3,"minecraft:white_bed":2,"minecraft:note_block":5,"minecraft:grindstone":1,"chileancraft:armadura_de_cobre_chestplate":1,"minecraft:oak_planks":1594,"iammusicplayer:music_manager":1,"minecraft:cobblestone_slab":6,"minecraft:barrel":1,"chileancraft:ropa_de_huaso_helmet":2,"minecraft:cooked_chicken":12,"minecraft:lightning_rod":1,"chileancraft:cuchillo_de_cocina":1,"chileancraft:armadura_de_cobre_boots":1,"minecraft:stone":201,"minecraft:cobblestone_stairs":4,"minecraft:flower_banner_pattern":1,"minecraft:heavy_weighted_pressure_plate":1,"minecraft:green_dye":8,"chileancraft:paja":8,"minecraft:hopper":1,"chileancraft:pico_de_cobre":2,"minecraft:bow":2,"minecraft:iron_boots":3,"minecraft:chest":32,"minecraft:stone_hoe":1,"minecraft:smoker":3,"minecraft:white_banner":1,"travelersbackpack:iron_tier_upgrade":1,"minecraft:crafting_table":11,"minecraft:spruce_planks":2232,"minecraft:baked_potato":2,"minecraft:iron_helmet":3,"minecraft:wooden_pickaxe":2,"chileancraft:curanto":1,"minecraft:pumpkin_seeds":12,"minecraft:tnt":1,"minecraft:spruce_trapdoor":2,"minecraft:iron_chestplate":4,"minecraft:book":51,"minecraft:paper":111,"minecraft:diamond_pickaxe":1,"minecraft:charcoal":644,"minecraft:yellow_dye":9,"minecraft:purple_dye":2,"minecraft:shield":11,"minecraft:stick":3516,"cfm:stripped_oak_table":8,"minecraft:iron_ingot":433,"minecraft:stone_sword":6,"minecraft:redstone_torch":1,"minecraft:shears":3,"minecraft:wooden_sword":1,"chileancraft:copper_nugget":9,"minecraft:oak_door":3,"minecraft:fishing_rod":1,"iammusicplayer:cassette_deck":1,"minecraft:spruce_button":1,"minecraft:furnace":7,"minecraft:blast_furnace":3,"minecraft:oak_trapdoor":2,"minecraft:glass_pane":80,"minecraft:flint_and_steel":5,"minecraft:iron_axe":3,"travelersbackpack:light_gray_sleeping_bag":1,"chileancraft:sopaipilla_cruda":36,"chileancraft:moneda_de_500":2,"minecraft:cooked_beef":10,"minecraft:red_dye":20,"minecraft:cooked_cod":369,"minecraft:diamond_sword":1,"minecraft:iron_trapdoor":1,"minecraft:spruce_sign":9,"travelersbackpack:backpack_tank":6,"minecraft:black_banner":2,"minecraft:bucket":2,"chileancraft:pinones_cocidos":1,"minecraft:stone_axe":27,"minecraft:bread":83,"minecraft:air":0,"minecraft:jungle_planks":4,"minecraft:blue_dye":13,"travelersbackpack:squid":2,"minecraft:oak_boat":4,"minecraft:white_wool":3,"chileancraft:masa":3,"cfm:oak_desk":2,"minecraft:gold_nugget":1,"minecraft:white_dye":3,"minecraft:stonecutter":1,"minecraft:anvil":2,"minecraft:torch":1152,"minecraft:granite_slab":6,"minecraft:lapis_block":4,"minecraft:diamond_chestplate":1},"minecraft:used":{"minecraft:moss_block":3,"minecraft:spruce_slab":58,"minecraft:ladder":59,"minecraft:chest":35,"minecraft:rotten_flesh":45,"iammusicplayer:boombox":5,"cfm:oak_desk":3,"minecraft:spruce_boat":12,"minecraft:jungle_sapling":3,"chileancraft:olla_de_greda_cocida":2,"minecraft:lava_bucket":2,"chileancraft:semilla_de_tomate_limachino":3,"minecraft:birch_sapling":11,"chileancraft:telar_top":1,"chileancraft:manzanilla":1,"chileancraft:escudinho":50,"minecraft:bow":260,"minecraft:sweet_berries":51,"minecraft:cooked_cod":331,"minecraft:furnace":20,"minecraft:oak_sapling":220,"minecraft:egg":83,"minecraft:potato":22,"travelersbackpack:redstone":7,"minecraft:seagrass":5,"minecraft:mossy_stone_bricks":1,"minecraft:diorite":37,"minecraft:spruce_door":10,"minecraft:cactus":18,"minecraft:wooden_pickaxe":45,"minecraft:glow_berries":16,"alexsmobs:skelewag_sword":4,"minecraft:blue_dye":1,"minecraft:sand":24,"minecraft:blast_furnace":6,"chileancraft:espada_de_cobre":400,"minecraft:pumpkin_seeds":8,"minecraft:lightning_rod":2,"chileancraft:semilla_de_uva_moscatel":2,"minecraft:lectern":234,"chileancraft:armadura_de_cobre_leggings":2,"chileancraft:pico_de_cobre":416,"minecraft:diamond_sword":965,"minecraft:wooden_sword":121,"minecraft:smithing_table":1,"minecraft:birch_log":4,"minecraft:oak_boat":14,"minecraft:oak_trapdoor":2,"cfm:stripped_birch_chair":5,"minecraft:enchanting_table":2,"minecraft:stone_sword":871,"minecraft:carved_pumpkin":1,"chileancraft:hacha_mapuche":50,"chileancraft:vino_blanco":1,"minecraft:cooked_salmon":11,"minecraft:netherrack":51,"minecraft:torch":1241,"minecraft:anvil":2,"chileancraft:pinones_cocidos":1,"chileancraft:ropa_de_huaso_helmet":1,"minecraft:iron_axe":516,"minecraft:jungle_log":26,"travelersbackpack:squid":10,"chileancraft:bloque_de_paja":3,"minecraft:barrel":3,"minecraft:smooth_basalt":5,"minecraft:bamboo":25,"minecraft:diamond_chestplate":2,"minecraft:iron_trapdoor":3,"minecraft:cobbled_deepslate":167,"minecraft:calcite":2,"minecraft:wheat_seeds":350,"alexsmobs:cooked_catfish":3,"minecraft:water_bucket":100,"minecraft:leather_boots":1,"minecraft:glow_ink_sac":4,"minecraft:fletching_table":2,"minecraft:spruce_fence_gate":7,"minecraft:deepslate_bricks":918,"minecraft:mossy_cobblestone":25,"minecraft:rail":2,"chileancraft:diguenes":1,"minecraft:tnt":1,"minecraft:crafting_table":33,"minecraft:white_bed":10,"minecraft:campfire":4,"minecraft:cod":2,"minecraft:spruce_log":284,"chileancraft:tinaja_de_greda_cocida":2,"minecraft:cornflower":1,"minecraft:oak_log":7,"minecraft:yellow_dye":1,"minecraft:diamond_pickaxe":1161,"travelersbackpack:bookshelf":9,"minecraft:iron_pickaxe":2432,"minecraft:suspicious_stew":2,"chileancraft:banderadark":2,"minecraft:spruce_trapdoor":1,"minecraft:spruce_sapling":194,"cfm:stripped_oak_table":6,"minecraft:cobblestone":748,"travelersbackpack:standard":4,"cfm:spruce_park_bench":5,"minecraft:cooked_porkchop":75,"minecraft:glass_pane":49,"minecraft:dandelion":3,"chileancraft:armadura_de_cobre_chestplate":1,"chileancraft:escudnho_2":2,"minecraft:moss_carpet":4,"minecraft:iron_shovel":251,"alexsmobs:small_catfish_bucket":1,"travelersbackpack:lapis":13,"minecraft:shield":438,"minecraft:iron_sword":114,"minecraft:iron_chestplate":7,"minecraft:carrot":31,"minecraft:tuff":18,"minecraft:obsidian":10,"alexsmobs:lobster_tail":1,"minecraft:lantern":2,"alexsmobs:cooked_lobster_tail":30,"minecraft:iron_helmet":1,"minecraft:hay_block":1,"travelersbackpack:spider":1,"minecraft:diamond_boots":3,"iammusicplayer:cassette_deck":1,"minecraft:stone_pickaxe":525,"minecraft:oak_planks":14,"minecraft:sandstone":3,"chileancraft:tronco_de_araucaria":4,"chileancraft:ropa_mapuche_0_chestplate":2,"minecraft:sugar_cane":57,"iammusicplayer:music_manager":1,"minecraft:white_wool":2,"minecraft:loom":3,"chileancraft:semilla_de_cebolla":5,"minecraft:note_block":3,"tsdpp:sprucebark_door":3,"minecraft:shears":1,"minecraft:redstone_torch":18,"minecraft:melon_slice":17,"minecraft:heavy_weighted_pressure_plate":1,"minecraft:bread":81,"minecraft:string":2,"minecraft:gravel":59,"minecraft:granite_slab":7,"chileancraft:semilla_de_uva_pais":1,"chileancraft:semilla_de_choclo":5,"minecraft:grindstone":1,"minecraft:andesite":31,"chileancraft:tronco_de_espino":1,"minecraft:coarse_dirt":24,"minecraft:bone_meal":85,"chileancraft:terremoto":1,"minecraft:trident":34,"minecraft:flint_and_steel":129,"chileancraft:parrilla":2,"minecraft:tropical_fish":10,"minecraft:stone_shovel":613,"minecraft:dried_kelp":135,"minecraft:spruce_planks":585,"chileancraft:ruda":1,"minecraft:wooden_shovel":177,"minecraft:stone_hoe":89,"minecraft:cooked_chicken":3,"minecraft:oak_door":5,"chileancraft:tula":3,"minecraft:dirt":941,"minecraft:white_carpet":9,"minecraft:hopper":1,"minecraft:spruce_stairs":322,"minecraft:cobblestone_wall":3,"minecraft:diamond_helmet":1,"minecraft:pink_dye":1,"minecraft:spruce_fence":145,"chileancraft:doca":1,"minecraft:granite":18,"minecraft:wooden_axe":1097,"chileancraft:armadura_de_cobre_helmet":2,"minecraft:bookshelf":22,"minecraft:oak_stairs":1,"chileancraft:plato_bajo_de_greda_cocida_item":2,"minecraft:iron_boots":5,"chileancraft:semilla_de_a_ji_cacho_de_cabra":6,"chileancraft:chemamull":1,"chileancraft:semilla_de_uva_red_globe":3,"alexsmobs:lobster_bucket":3,"minecraft:cooked_beef":53,"minecraft:red_dye":1,"minecraft:pumpkin":1,"chileancraft:mentolatum":1,"minecraft:iron_leggings":5,"minecraft:brown_bed":18,"minecraft:cooked_mutton":35,"minecraft:amethyst_block":1,"minecraft:cobblestone_stairs":13,"minecraft:baked_potato":5,"chileancraft:chocman":12,"minecraft:brown_mushroom":1,"minecraft:spruce_sign":10,"minecraft:stonecutter":1,"chileancraft:plato_hondo_de_greda_cocida_item":5,"minecraft:smoker":3,"chileancraft:piramide":1,"minecraft:flower_pot":3,"minecraft:black_wool":1,"minecraft:apple":2,"chileancraft:super_8":6,"minecraft:chicken":2,"chileancraft:remolino":5,"minecraft:stone_axe":3373,"chileancraft:armadura_de_cobre_boots":1,"minecraft:fishing_rod":912,"minecraft:bucket":118,"minecraft:yellow_bed":4,"alexsmobs:animal_dictionary":57,"minecraft:smooth_stone":163},"minecraft:broken":{"minecraft:wooden_shovel":3,"minecraft:iron_boots":3,"minecraft:iron_chestplate":3,"minecraft:iron_leggings":2,"minecraft:wooden_sword":3,"minecraft:stone_sword":6,"minecraft:shield":6,"minecraft:iron_axe":3,"minecraft:iron_pickaxe":8,"minecraft:iron_helmet":3,"minecraft:iron_shovel":1,"minecraft:stone_pickaxe":4,"chileancraft:hacha_mapuche":1,"minecraft:stone_axe":25,"minecraft:wooden_axe":19,"minecraft:stone_shovel":4,"minecraft:flint_and_steel":1,"chileancraft:pico_de_cobre":2,"chileancraft:espada_de_cobre":2,"minecraft:leather_boots":1},"minecraft:killed":{"alexsmobs:lobster":80,"chileancraft:paco":2,"minecraft:cod":13,"minecraft:skeleton":200,"minecraft:chicken":26,"alexsmobs:centipede_head":1,"alexsmobs:skelewag":5,"minecraft:tropical_fish":2,"chileancraft:reineta":2,"minecraft:salmon":5,"chileancraft:macha":4,"minecraft:pillager":9,"minecraft:donkey":5,"minecraft:zombie":263,"alexsmobs:cachalot_whale":1,"minecraft:glow_squid":3,"minecraft:cow":31,"alexsmobs:raccoon":1,"chileancraft:mujer_mapuche":1,"alexsmobs:catfish":2,"alexsmobs:giant_squid":1,"chileancraft:jaiba":2,"minecraft:enderman":12,"minecraft:witch":1,"minecraft:spider":312,"chileancraft:trompo":1,"minecraft:turtle":1,"minecraft:pig":43,"minecraft:zombie_villager":3,"minecraft:creeper":83,"minecraft:sheep":39,"minecraft:trader_llama":6,"alexsmobs:terrapin":1,"alexsmobs:fly":5,"minecraft:slime":14,"minecraft:phantom":3,"alexsmobs:bison":4,"minecraft:drowned":78,"chileancraft:mapuche_hombre":2,"alexsmobs:flying_fish":4,"chileancraft:paco_ffee":2,"minecraft:squid":18,"alexsmobs:cockroach":1},"minecraft:mined":{"minecraft:white_bed":10,"minecraft:jungle_leaves":123,"minecraft:obsidian":16,"minecraft:carved_pumpkin":1,"minecraft:granite":35,"chileancraft:doca":38,"minecraft:acacia_log":8,"minecraft:jungle_log":476,"minecraft:deepslate_bricks":24,"chileancraft:plato_bajo_de_greda_cocida":3,"minecraft:oxeye_daisy":7,"minecraft:tall_seagrass":12,"chileancraft:tuna_17":2,"minecraft:barrel":2,"minecraft:cobbled_deepslate":10,"minecraft:fire":128,"minecraft:pumpkin":35,"minecraft:deepslate_lapis_ore":27,"minecraft:granite_slab":6,"minecraft:fletching_table":1,"minecraft:enchanting_table":1,"minecraft:cave_vines":34,"minecraft:dirt_path":1,"minecraft:oak_stairs":10,"cfm:stripped_birch_chair":2,"minecraft:tripwire":2,"minecraft:brown_mushroom":7,"minecraft:kelp_plant":35,"minecraft:amethyst_cluster":2,"chileancraft:tronco_de_espino":1,"minecraft:torch":24,"minecraft:note_block":2,"minecraft:blast_furnace":4,"minecraft:melon":2,"minecraft:dead_bush":3,"minecraft:spruce_wall_sign":1,"minecraft:sugar_cane":95,"chileancraft:taza_de_greda_cocida":1,"minecraft:amethyst_block":3,"minecraft:birch_sapling":1,"minecraft:white_terracotta":1,"minecraft:chain":3,"chileancraft:choclo_8":5,"chileancraft:plato_hondo_de_greda_cocida":7,"chileancraft:manzanilla":2,"minecraft:wheat":278,"minecraft:lilac":18,"minecraft:grass":392,"minecraft:loom":2,"minecraft:smooth_basalt":3,"minecraft:deepslate":2014,"chileancraft:parra_13":1,"chileancraft:parra_14":2,"minecraft:mossy_cobblestone":39,"minecraft:dark_oak_log":1,"minecraft:stripped_birch_log":4,"minecraft:allium":9,"chileancraft:bloque_de_paja":3,"minecraft:spruce_fence":14,"chileancraft:tomate_12":1,"chileancraft:cebolla_6":1,"travelersbackpack:bookshelf":2,"minecraft:kelp":8,"minecraft:moss_block":5,"minecraft:redstone_ore":3,"chileancraft:san_pedro":1,"minecraft:andesite":51,"chileancraft:cebolla_1":1,"minecraft:vine":33,"minecraft:bamboo_sapling":1,"minecraft:bamboo":3,"chileancraft:parra_11":2,"minecraft:dandelion":63,"minecraft:cornflower":11,"minecraft:campfire":1,"minecraft:lightning_rod":2,"minecraft:copper_ore":68,"minecraft:tall_grass":80,"chileancraft:cardo":1,"minecraft:deepslate_gold_ore":21,"minecraft:diorite":79,"travelersbackpack:squid":4,"minecraft:coarse_dirt":38,"minecraft:cobblestone_wall":3,"minecraft:white_carpet":6,"minecraft:spruce_log":1824,"minecraft:birch_leaves":70,"minecraft:gravel":72,"minecraft:cobweb":5,"minecraft:spruce_fence_gate":5,"minecraft:gold_ore":3,"minecraft:iron_trapdoor":2,"minecraft:fern":154,"minecraft:large_amethyst_bud":1,"minecraft:spruce_planks":69,"chileancraft:mena_desalitre":6,"minecraft:oak_sapling":6,"minecraft:farmland":1,"minecraft:cobblestone_stairs":11,"webdisplays:screen":12,"minecraft:cave_vines_plant":21,"minecraft:budding_amethyst":1,"minecraft:grass_block":35,"iammusicplayer:boombox":4,"minecraft:composter":2,"chileancraft:ruda":1,"minecraft:smooth_stone":1,"minecraft:glowstone":16,"minecraft:iron_ore":260,"minecraft:azure_bluet":6,"minecraft:brown_bed":20,"minecraft:red_tulip":1,"minecraft:deepslate_redstone_ore":71,"chileancraft:tronco_de_araucaria":4,"chileancraft:hojas_de_araucaria":11,"minecraft:medium_amethyst_bud":1,"chileancraft:telar_top":3,"minecraft:calcite":7,"minecraft:poppy":64,"minecraft:chest":7,"cfm:oak_desk":1,"minecraft:nether_quartz_ore":13,"chileancraft:remolino":2,"minecraft:cobblestone":86,"minecraft:oak_planks":6,"minecraft:iron_door":8,"minecraft:wall_torch":47,"minecraft:seagrass":8,"cfm:spruce_park_bench":1,"chileancraft:tinaja_de_greda_cocida":4,"minecraft:birch_log":45,"chileancraft:piramide":1,"minecraft:orange_tulip":10,"minecraft:oak_log":511,"minecraft:sand":347,"minecraft:dirt":800,"minecraft:potted_red_tulip":3,"minecraft:netherrack":54,"minecraft:oak_leaves":93,"minecraft:tuff":56,"travelersbackpack:lapis":7,"minecraft:deepslate_diamond_ore":34,"minecraft:oak_door":3,"minecraft:ladder":1,"minecraft:spruce_leaves":656,"minecraft:sandstone":88,"minecraft:large_fern":11,"minecraft:spruce_sapling":1,"minecraft:furnace":19,"minecraft:carrots":8,"minecraft:stripped_spruce_log":2,"chileancraft:diguene":1,"minecraft:bookshelf":48,"minecraft:deepslate_iron_ore":129,"chileancraft:parrilla":1,"chileancraft:cebolla_9":3,"minecraft:lantern":8,"minecraft:stripped_oak_log":6,"chileancraft:aji_6":4,"minecraft:stone":1022,"minecraft:redstone_wall_torch":16,"minecraft:podzol":163,"tsdpp:sprucebark_door":3,"minecraft:spruce_door":3,"minecraft:crafting_table":25,"minecraft:rose_bush":1,"minecraft:lectern":230,"minecraft:lapis_ore":7,"minecraft:lily_pad":1,"minecraft:spruce_stairs":37,"minecraft:cactus":25,"chileancraft:tomate_11":1,"minecraft:redstone_torch":1,"minecraft:sweet_berry_bush":19,"minecraft:yellow_bed":4,"chileancraft:parra_17":1,"minecraft:coal_ore":164,"minecraft:cocoa":2,"travelersbackpack:redstone":2,"chileancraft:olla_de_greda_cocida":4,"minecraft:mossy_stone_bricks":1},"minecraft:custom":{"minecraft:interact_with_crafting_table":454,"minecraft:open_barrel":176,"minecraft:leave_game":45,"minecraft:time_since_death":120614,"minecraft:damage_blocked_by_shield":20555,"minecraft:play_time":3183901,"minecraft:deaths":32,"minecraft:jump":34049,"minecraft:enchant_item":30,"minecraft:interact_with_furnace":212,"minecraft:traded_with_villager":102,"minecraft:sleep_in_bed":85,"minecraft:damage_dealt":182204,"minecraft:interact_with_smoker":135,"minecraft:horse_one_cm":27644,"minecraft:interact_with_smithing_table":8,"minecraft:interact_with_anvil":37,"minecraft:inspect_hopper":3,"minecraft:sneak_time":143344,"minecraft:interact_with_blast_furnace":134,"minecraft:total_world_time":3183901,"minecraft:tune_noteblock":4866,"minecraft:interact_with_stonecutter":8,"minecraft:time_since_rest":36473,"minecraft:swim_one_cm":1874177,"minecraft:fly_one_cm":4270398,"minecraft:open_chest":1370,"minecraft:fish_caught":645,"minecraft:fall_one_cm":527790,"minecraft:animals_bred":21,"minecraft:sprint_one_cm":10928279,"minecraft:drop":512,"minecraft:play_noteblock":4,"minecraft:talked_to_villager":315,"minecraft:walk_on_water_one_cm":576557,"minecraft:interact_with_loom":14,"minecraft:player_kills":1,"minecraft:crouch_one_cm":421501,"minecraft:mob_kills":1351,"minecraft:interact_with_campfire":71,"minecraft:climb_one_cm":376248,"minecraft:walk_one_cm":7761168,"minecraft:walk_under_water_one_cm":590310,"minecraft:boat_one_cm":2258038,"minecraft:pot_flower":3,"minecraft:interact_with_grindstone":13,"minecraft:damage_taken":32879},"minecraft:killed_by":{"alexsmobs:cachalot_whale":1,"minecraft:zombie":2,"alexsmobs:skelewag":2,"alexsmobs:centipede_head":1,"minecraft:creeper":8,"minecraft:drowned":3,"minecraft:player":1,"minecraft:enderman":1,"minecraft:skeleton":11},"minecraft:picked_up":{"minecraft:seagrass":5,"minecraft:iron_chestplate":15,"minecraft:flower_pot":3,"minecraft:lead":40,"minecraft:diamond_sword":3,"minecraft:oak_stairs":10,"minecraft:brown_bed":23,"minecraft:enchanted_book":9,"minecraft:amethyst_block":3,"minecraft:string":187,"minecraft:cooked_salmon":4,"chileancraft:molotov_muy_real":2,"minecraft:pufferfish":65,"minecraft:cobbled_deepslate":2025,"minecraft:spruce_planks":506,"minecraft:melon_slice":38,"minecraft:composter":2,"minecraft:acacia_log":8,"chileancraft:jaiva_cruda":2,"minecraft:lightning_rod":2,"chileancraft:uva_pais":1,"chileancraft:tronco_de_araucaria":4,"alexsmobs:centipede_leg":3,"chileancraft:semilla_de_cebolla":24,"minecraft:stone_sword":3,"minecraft:tropical_fish":22,"minecraft:red_tulip":4,"minecraft:carved_pumpkin":1,"minecraft:white_terracotta":1,"alexsmobs:flying_fish":4,"alexsmobs:lobster_tail":39,"minecraft:birch_log":45,"minecraft:feather":55,"minecraft:cooked_beef":127,"minecraft:iron_door":40,"minecraft:water_bucket":14,"minecraft:jungle_log":527,"minecraft:brown_wool":4,"alexsmobs:bison_fur":6,"minecraft:flint":8,"chileancraft:uva_moscatel":1,"minecraft:lantern":24,"chileancraft:cordel":2,"chileancraft:semilla_de_uva_red_globe":12,"chileancraft:pinones":48,"minecraft:glowstone_dust":46,"minecraft:moss_block":20,"chileancraft:tuna_0":6,"minecraft:honeycomb":2,"minecraft:stripped_spruce_log":5,"chileancraft:olla_de_greda_cocida":8,"minecraft:ink_sac":73,"minecraft:granite_slab":6,"minecraft:loom":2,"alexsmobs:novelty_hat":1,"minecraft:dark_oak_log":1,"alexsmobs:animal_dictionary":7,"minecraft:barrel":2,"minecraft:granite":51,"cfm:oak_desk":1,"minecraft:bread":3,"alexsmobs:maggot":12,"chileancraft:san_pedro":2,"chileancraft:mil_pesos":3,"minecraft:diamond_pickaxe":1,"chileancraft:taza_de_greda_cocida_item":1,"minecraft:crafting_table":37,"chileancraft:tinaja_de_greda_cocida":7,"minecraft:coarse_dirt":38,"cfm:spruce_park_bench":1,"minecraft:clay_ball":16,"minecraft:cornflower":12,"alexsmobs:cooked_catfish":3,"minecraft:flint_and_steel":14,"minecraft:white_carpet":6,"chileancraft:chemamull":1,"travelersbackpack:redstone":2,"minecraft:beef":54,"chileancraft:armadura_de_cobre_helmet":1,"travelersbackpack:lapis":7,"minecraft:jungle_sapling":78,"minecraft:iron_nugget":45,"minecraft:poppy":64,"minecraft:spruce_slab":6,"minecraft:chest":7,"alexsmobs:cooked_lobster_tail":30,"minecraft:birch_sapling":17,"minecraft:egg":153,"minecraft:sandstone":86,"minecraft:oak_door":3,"minecraft:spruce_fence":15,"minecraft:fire_charge":2,"chileancraft:macha_cruda":6,"minecraft:carrot":53,"minecraft:redstone":501,"minecraft:cooked_cod":125,"minecraft:deepslate_bricks":24,"minecraft:shears":1,"minecraft:diamond_boots":1,"minecraft:gold_ingot":6,"minecraft:glow_berries":25,"minecraft:mutton":40,"minecraft:white_wool":82,"minecraft:rail":2,"minecraft:oxeye_daisy":8,"minecraft:stripped_oak_log":6,"chileancraft:plato_hondo_de_greda_cocida_item":10,"chileancraft:diguenes":13,"chileancraft:semilla_de_uva_moscatel":10,"chileancraft:armadura_de_cobre_leggings":2,"minecraft:tripwire_hook":4,"minecraft:filled_map":1,"minecraft:oak_log":499,"minecraft:lily_pad":7,"minecraft:golden_boots":1,"cfm:stripped_birch_chair":2,"minecraft:paper":8,"minecraft:white_banner":4,"minecraft:apple":30,"minecraft:kelp":282,"alexsmobs:cockroach_wing_fragment":1,"minecraft:stone_pickaxe":2,"chileancraft:choclo":19,"minecraft:flowering_azalea":1,"chileancraft:moneda_de_10":3,"minecraft:smooth_basalt":5,"minecraft:milk_bucket":1,"alexsmobs:fish_bones":3,"minecraft:sweet_berries":68,"minecraft:gravel":66,"minecraft:spruce_sapling":545,"minecraft:spruce_log":1799,"chileancraft:trutruca":2,"minecraft:leather_helmet":1,"minecraft:slime_ball":16,"minecraft:stone_axe":9,"chileancraft:ropa_mapuche_0_chestplate":7,"minecraft:gray_wool":2,"minecraft:baked_potato":5,"minecraft:pink_dye":36,"minecraft:ender_pearl":9,"minecraft:wheat":315,"minecraft:iron_trapdoor":2,"minecraft:potion":1,"travelersbackpack:spider":1,"chileancraft:ropa_de_huaso_helmet":13,"chileancraft:curanto":1,"minecraft:raw_copper":397,"minecraft:iron_leggings":9,"alexsmobs:banana":15,"chileancraft:semilla_de_aji_verde":6,"minecraft:smooth_stone":1,"minecraft:rose_bush":8,"minecraft:redstone_torch":18,"minecraft:calcite":7,"chileancraft:merluza_cruda":7,"minecraft:iron_pickaxe":12,"alexsmobs:raccoon_tail":1,"chileancraft:parrilla":1,"minecraft:iron_boots":13,"minecraft:furnace":23,"minecraft:stick":766,"minecraft:oak_fence":3,"minecraft:torch":173,"minecraft:spruce_stairs":47,"minecraft:porkchop":49,"minecraft:dried_kelp":58,"minecraft:diorite":113,"minecraft:cactus":50,"minecraft:rotten_flesh":851,"chileancraft:telar_top":6,"alexsmobs:emu_egg":1,"minecraft:obsidian":38,"iammusicplayer:boombox":4,"minecraft:cod":405,"minecraft:cobblestone":1268,"chileancraft:vino_blanco":7,"minecraft:nautilus_shell":4,"minecraft:enchanting_table":1,"minecraft:leather_chestplate":2,"minecraft:lilac":18,"minecraft:andesite":54,"chileancraft:tronco_de_espino":1,"minecraft:potato":27,"alexsmobs:bear_fur":1,"chileancraft:armadura_de_cobre_boots":2,"chileancraft:kultrun":2,"minecraft:tuff":56,"minecraft:light_gray_dye":1,"chileancraft:piramide":1,"chileancraft:sopaipilla":5,"chileancraft:lanza_2":35,"chileancraft:salitre":12,"minecraft:lapis_lazuli":327,"minecraft:dirt":1630,"minecraft:stripped_birch_log":4,"minecraft:name_tag":3,"minecraft:leather_boots":4,"travelersbackpack:bookshelf":4,"minecraft:bone":362,"minecraft:bow":29,"minecraft:wheat_seeds":825,"minecraft:orange_tulip":10,"minecraft:raw_gold":40,"chileancraft:escudinho":6,"minecraft:mossy_stone_bricks":3,"minecraft:fletching_table":1,"minecraft:bamboo":23,"minecraft:oak_planks":66,"minecraft:stone_hoe":1,"minecraft:cooked_porkchop":61,"travelersbackpack:squid":4,"chileancraft:bloque_de_paja":3,"minecraft:sand":473,"minecraft:grass_block":2,"minecraft:mossy_cobblestone":43,"minecraft:spruce_fence_gate":5,"minecraft:clay":2,"minecraft:diamond":44,"minecraft:spruce_boat":19,"minecraft:crossbow":1,"minecraft:golden_apple":2,"minecraft:spruce_sign":1,"minecraft:emerald":14,"minecraft:oak_sapling":266,"minecraft:netherrack":70,"minecraft:fishing_rod":8,"minecraft:cocoa_beans":34,"minecraft:charcoal":81,"minecraft:allium":9,"minecraft:azure_bluet":5,"minecraft:chicken":16,"minecraft:ladder":3,"chileancraft:super_8":4,"minecraft:brown_mushroom":8,"minecraft:wooden_pickaxe":1,"minecraft:gold_block":2,"minecraft:chain":3,"chileancraft:semilla_de_tomate_limachino":13,"minecraft:shield":13,"minecraft:oak_trapdoor":1,"minecraft:moss_carpet":4,"minecraft:iron_axe":2,"minecraft:wooden_sword":1,"chileancraft:escudnho_2":3,"chileancraft:cebolla":4,"minecraft:oak_boat":12,"minecraft:light_gray_wool":3,"minecraft:lectern":233,"minecraft:sugar_cane":204,"alexsmobs:skelewag_sword":1,"minecraft:phantom_membrane":2,"chileancraft:huevo_de_codorniz":3,"minecraft:raw_iron":560,"chileancraft:ruda":2,"chileancraft:semilla_de_uva_pais":10,"minecraft:copper_ingot":11,"chileancraft:remolino":20,"minecraft:bowl":7,"minecraft:note_block":2,"chileancraft:tuna":11,"minecraft:trident":2,"minecraft:arrow":418,"chileancraft:uniforme_paco_helmet":1,"minecraft:saddle":6,"chileancraft:plato_bajo_de_greda_cocida_item":3,"minecraft:glow_ink_sac":30,"minecraft:salmon":163,"minecraft:leather":83,"alexsmobs:cachalot_whale_tooth":1,"minecraft:yellow_bed":4,"minecraft:cobblestone_wall":3,"minecraft:gunpowder":117,"minecraft:cobblestone_stairs":13,"chileancraft:uva_red_glob":2,"minecraft:cooked_mutton":36,"minecraft:spruce_wood":6,"minecraft:iron_ingot":15,"minecraft:cooked_chicken":40,"chileancraft:chocman":14,"minecraft:acacia_sapling":4,"minecraft:book":656,"minecraft:pumpkin":36,"minecraft:quartz":13,"minecraft:dandelion":66,"minecraft:amethyst_shard":8,"chileancraft:semilla_de_a_ji_cacho_de_cabra":15,"minecraft:blast_furnace":4,"minecraft:white_bed":12,"chileancraft:semilla_de_choclo":16,"minecraft:spruce_door":5,"minecraft:spider_eye":84,"alexsmobs:raw_catfish":3,"minecraft:pumpkin_seeds":17,"chileancraft:tomate_limachino":3,"minecraft:iron_helmet":4,"chileancraft:doca":54,"chileancraft:tula":2,"chileancraft:manzanilla":2,"minecraft:black_wool":1,"minecraft:coal":206,"minecraft:wooden_axe":4},"minecraft:dropped":{"chileancraft:semilla_de_a_ji_cacho_de_cabra":4,"minecraft:clay":1,"minecraft:cooked_beef":1,"chileancraft:semilla_de_tomate_limachino":1,"minecraft:glass_bottle":1,"minecraft:crafting_table":1,"minecraft:saddle":1,"minecraft:dirt":32,"chileancraft:remolino":1,"minecraft:yellow_dye":1,"chileancraft:lanza_2":3,"minecraft:sand":2,"minecraft:iron_pickaxe":1,"chileancraft:copper_nugget":4,"minecraft:fishing_rod":1,"minecraft:white_wool":3,"minecraft:bone":9,"minecraft:stone_axe":8,"minecraft:iron_nugget":3,"alexsmobs:animal_dictionary":1,"minecraft:wheat":3,"minecraft:birch_sapling":2,"minecraft:obsidian":5,"minecraft:rotten_flesh":236,"chileancraft:tinaja_de_greda_cocida":2,"minecraft:azure_bluet":1,"minecraft:white_bed":2,"minecraft:salmon":70,"minecraft:charcoal":9,"minecraft:jungle_log":340,"minecraft:ladder":2,"chileancraft:telar_top":2,"iammusicplayer:cassette_tape":2,"minecraft:egg":6,"minecraft:iron_ingot":9,"minecraft:enchanted_book":1,"chileancraft:ropa_de_huaso_helmet":1,"minecraft:wheat_seeds":34,"chileancraft:plato_bajo_de_greda_cocida_item":1,"minecraft:feather":3,"minecraft:cobblestone":1,"chileancraft:semilla_de_uva_red_globe":2,"minecraft:oxeye_daisy":1,"minecraft:wooden_axe":2,"minecraft:cooked_salmon":1,"minecraft:potion":1,"chileancraft:semilla_de_choclo":2,"chileancraft:ruda":1,"chileancraft:mentolatum":1,"minecraft:string":14,"cfm:stripped_birch_chair":1,"minecraft:spruce_sapling":5,"minecraft:stone_sword":2,"minecraft:stone_shovel":1,"chileancraft:manzanilla":1,"chileancraft:semilla_de_uva_moscatel":1,"minecraft:shears":1,"minecraft:pumpkin_seeds":11,"minecraft:diamond_sword":2,"chileancraft:plato_hondo_de_greda_cocida_item":2,"minecraft:potato":7,"minecraft:spruce_boat":1,"chileancraft:doca":16,"minecraft:brown_bed":1,"minecraft:spider_eye":3,"minecraft:light_gray_dye":1,"minecraft:sandstone":42,"minecraft:bow":15,"minecraft:moss_block":9,"minecraft:brown_mushroom":1,"minecraft:oak_log":7,"minecraft:ender_pearl":1,"minecraft:honeycomb":2,"chileancraft:diguenes":3,"minecraft:black_banner":1,"cfm:stripped_oak_table":2,"minecraft:gold_ingot":2,"chileancraft:ropa_mapuche_0_chestplate":1,"chileancraft:semilla_de_aji_verde":3,"chileancraft:uniforme_paco_helmet":1,"minecraft:arrow":38,"alexsmobs:banana":2,"minecraft:bread":1,"minecraft:lead":2,"minecraft:stick":2,"chileancraft:curanto":1,"minecraft:blue_dye":1,"chileancraft:pinones":8,"minecraft:milk_bucket":1,"travelersbackpack:spider":1,"minecraft:flowering_azalea":1,"minecraft:iron_axe":1,"chileancraft:olla_de_greda_cocida":3,"minecraft:tripwire_hook":1,"minecraft:dandelion":1,"alexsmobs:maggot":1,"minecraft:kelp":1,"minecraft:sweet_berries":9,"minecraft:coarse_dirt":12,"minecraft:flint_and_steel":1,"chileancraft:semilla_de_cebolla":3,"minecraft:filled_map":2,"minecraft:shield":1,"alexsmobs:lobster_tail":1,"minecraft:oak_sapling":1,"minecraft:stone_pickaxe":2}},"DataVersion":3120}