{"stats":{"minecraft:killed_by":{"minecraft:creeper":1,"minecraft:drowned":1,"alexsmobs:skelewag":1,"minecraft:player":1,"minecraft:skeleton":2},"minecraft:custom":{"minecraft:animals_bred":3,"minecraft:interact_with_crafting_table":168,"minecraft:open_barrel":24,"minecraft:leave_game":14,"minecraft:time_since_death":28495,"minecraft:sprint_one_cm":1744341,"minecraft:damage_blocked_by_shield":3930,"minecraft:drop":88,"minecraft:talked_to_villager":17,"minecraft:play_time":623091,"minecraft:deaths":7,"minecraft:jump":7191,"minecraft:walk_on_water_one_cm":139809,"minecraft:interact_with_furnace":120,"minecraft:sleep_in_bed":14,"minecraft:damage_dealt":28693,"minecraft:player_kills":1,"minecraft:crouch_one_cm":109804,"minecraft:mob_kills":232,"minecraft:interact_with_campfire":49,"minecraft:climb_one_cm":11163,"minecraft:walk_one_cm":2040356,"minecraft:sneak_time":39880,"minecraft:walk_under_water_one_cm":135361,"minecraft:boat_one_cm":298281,"minecraft:interact_with_blast_furnace":13,"minecraft:total_world_time":623091,"minecraft:time_since_rest":13532,"minecraft:damage_taken":6809,"minecraft:swim_one_cm":369737,"minecraft:fly_one_cm":894935,"minecraft:open_chest":177,"minecraft:fish_caught":23,"minecraft:fall_one_cm":125143},"minecraft:crafted":{"minecraft:smooth_stone":12,"minecraft:oak_planks":92,"minecraft:barrel":1,"chileancraft:ropa_de_huaso_helmet":1,"chileancraft:parrilla":1,"minecraft:stone":16,"minecraft:cobblestone_stairs":4,"minecraft:cooked_mutton":2,"minecraft:iron_bars":16,"chileancraft:paja":4,"minecraft:glass":96,"minecraft:bow":1,"minecraft:iron_boots":2,"minecraft:chest":3,"minecraft:stone_hoe":1,"minecraft:cooked_porkchop":3,"minecraft:crafting_table":4,"minecraft:spruce_planks":1280,"minecraft:wooden_pickaxe":2,"minecraft:iron_helmet":1,"minecraft:spruce_door":3,"chileancraft:hacha_mapuche":1,"minecraft:hay_block":1,"tsdpp:sprucebark_door":3,"minecraft:campfire":4,"minecraft:tnt":1,"minecraft:iron_chestplate":2,"minecraft:book":1,"minecraft:diamond_pickaxe":1,"minecraft:paper":3,"minecraft:charcoal":230,"minecraft:yellow_dye":1,"minecraft:shield":2,"minecraft:stick":156,"minecraft:iron_ingot":177,"minecraft:iron_pickaxe":2,"minecraft:gold_ingot":10,"minecraft:spruce_fence_gate":2,"minecraft:oak_door":3,"minecraft:stone_shovel":2,"minecraft:fishing_rod":1,"minecraft:furnace":4,"minecraft:blast_furnace":3,"minecraft:bone_meal":36,"minecraft:spruce_fence":123,"minecraft:pink_dye":36,"minecraft:glass_pane":64,"minecraft:oak_trapdoor":2,"minecraft:flint_and_steel":1,"webdisplays:craftcomp_backlight":5,"minecraft:spruce_stairs":300,"minecraft:iron_axe":2,"minecraft:ladder":6,"minecraft:spruce_slab":60,"minecraft:stone_pickaxe":5,"minecraft:spruce_boat":1,"minecraft:enchanting_table":1,"minecraft:dried_kelp":83,"minecraft:bucket":1,"minecraft:stone_axe":11,"minecraft:bread":8,"minecraft:air":0,"minecraft:blue_dye":2,"minecraft:white_wool":3,"minecraft:wooden_axe":4,"minecraft:iron_shovel":1,"minecraft:iron_leggings":2,"minecraft:white_bed":1,"minecraft:torch":196,"minecraft:granite_slab":6},"minecraft:dropped":{"minecraft:brown_mushroom":1,"minecraft:oak_log":2,"minecraft:ender_pearl":1,"minecraft:crafting_table":1,"chileancraft:diguenes":2,"minecraft:dirt":9,"minecraft:yellow_dye":1,"chileancraft:lanza_2":3,"minecraft:sand":1,"minecraft:white_wool":3,"minecraft:bone":6,"minecraft:stone_axe":1,"alexsmobs:animal_dictionary":1,"minecraft:wheat":3,"chileancraft:ropa_mapuche_0_chestplate":1,"chileancraft:tinaja_de_greda_cocida":1,"chileancraft:telar_top":1,"minecraft:egg":5,"minecraft:iron_ingot":9,"minecraft:wheat_seeds":6,"minecraft:lead":2,"minecraft:blue_dye":1,"minecraft:wooden_axe":1,"minecraft:potion":1,"chileancraft:semilla_de_choclo":1,"minecraft:iron_axe":1,"chileancraft:ruda":1,"chileancraft:olla_de_greda_cocida":1,"minecraft:string":13,"minecraft:tripwire_hook":1,"minecraft:spruce_sapling":1,"minecraft:sweet_berries":9,"minecraft:coarse_dirt":12,"chileancraft:manzanilla":1,"minecraft:flint_and_steel":1,"chileancraft:semilla_de_cebolla":1,"chileancraft:plato_hondo_de_greda_cocida_item":1,"alexsmobs:lobster_tail":1,"minecraft:brown_bed":1,"minecraft:stone_pickaxe":1},"minecraft:used":{"minecraft:iron_shovel":251,"minecraft:spruce_slab":52,"minecraft:ladder":4,"minecraft:shield":83,"minecraft:chest":5,"minecraft:rotten_flesh":35,"minecraft:iron_chestplate":1,"minecraft:carrot":1,"minecraft:tuff":11,"minecraft:obsidian":10,"minecraft:spruce_boat":8,"chileancraft:semilla_de_tomate_limachino":3,"alexsmobs:cooked_lobster_tail":30,"minecraft:bow":19,"minecraft:hay_block":1,"minecraft:sweet_berries":42,"minecraft:oak_sapling":8,"minecraft:cooked_cod":12,"minecraft:furnace":18,"minecraft:potato":14,"minecraft:diorite":30,"minecraft:spruce_door":8,"minecraft:stone_pickaxe":525,"chileancraft:tronco_de_araucaria":4,"minecraft:wooden_pickaxe":45,"minecraft:sugar_cane":34,"minecraft:white_wool":2,"minecraft:sand":2,"minecraft:blast_furnace":3,"chileancraft:semilla_de_cebolla":5,"tsdpp:sprucebark_door":3,"minecraft:bread":8,"chileancraft:semilla_de_uva_moscatel":2,"minecraft:gravel":11,"minecraft:granite_slab":5,"chileancraft:semilla_de_uva_pais":1,"chileancraft:semilla_de_choclo":5,"minecraft:andesite":8,"minecraft:coarse_dirt":12,"minecraft:bone_meal":34,"minecraft:oak_trapdoor":2,"minecraft:enchanting_table":1,"minecraft:flint_and_steel":6,"chileancraft:parrilla":2,"chileancraft:hacha_mapuche":50,"minecraft:stone_shovel":233,"minecraft:dried_kelp":134,"minecraft:spruce_planks":456,"minecraft:cooked_salmon":8,"minecraft:stone_hoe":89,"minecraft:cooked_chicken":1,"minecraft:netherrack":48,"minecraft:oak_door":2,"minecraft:torch":222,"minecraft:dirt":246,"minecraft:spruce_stairs":321,"minecraft:granite":14,"minecraft:spruce_fence":120,"minecraft:wooden_axe":205,"minecraft:iron_axe":378,"minecraft:iron_boots":2,"chileancraft:bloque_de_paja":3,"minecraft:barrel":2,"chileancraft:semilla_de_a_ji_cacho_de_cabra":6,"minecraft:bamboo":11,"chileancraft:semilla_de_uva_red_globe":3,"alexsmobs:lobster_bucket":3,"minecraft:cobbled_deepslate":74,"minecraft:iron_leggings":1,"minecraft:brown_bed":1,"minecraft:calcite":2,"minecraft:wheat_seeds":174,"minecraft:cooked_mutton":8,"alexsmobs:cooked_catfish":3,"minecraft:water_bucket":18,"minecraft:amethyst_block":1,"minecraft:cobblestone_stairs":8,"minecraft:spruce_fence_gate":3,"minecraft:mossy_cobblestone":14,"chileancraft:diguenes":1,"minecraft:crafting_table":13,"minecraft:white_bed":3,"minecraft:campfire":4,"minecraft:cod":2,"minecraft:spruce_log":281,"minecraft:black_wool":1,"minecraft:diamond_pickaxe":41,"minecraft:apple":1,"minecraft:iron_pickaxe":378,"minecraft:spruce_sapling":152,"minecraft:stone_axe":1201,"minecraft:fishing_rod":46,"minecraft:cobblestone":271,"minecraft:cooked_porkchop":5,"minecraft:bucket":22,"minecraft:glass_pane":49,"alexsmobs:animal_dictionary":7},"minecraft:killed":{"alexsmobs:lobster":74,"minecraft:spider":24,"minecraft:cod":2,"minecraft:skeleton":28,"minecraft:chicken":1,"minecraft:pig":7,"minecraft:zombie_villager":1,"minecraft:salmon":3,"minecraft:creeper":5,"minecraft:sheep":5,"minecraft:trader_llama":4,"minecraft:zombie":45,"alexsmobs:terrapin":1,"minecraft:glow_squid":2,"alexsmobs:raccoon":1,"minecraft:phantom":3,"minecraft:drowned":3,"alexsmobs:bison":3,"chileancraft:mapuche_hombre":1,"chileancraft:mujer_mapuche":1,"alexsmobs:catfish":2,"chileancraft:jaiba":2,"minecraft:enderman":3},"minecraft:broken":{"minecraft:iron_shovel":1,"minecraft:iron_boots":1,"minecraft:iron_chestplate":1,"minecraft:iron_leggings":1,"minecraft:stone_pickaxe":4,"chileancraft:hacha_mapuche":1,"minecraft:stone_axe":10,"minecraft:wooden_axe":4,"minecraft:stone_shovel":1,"minecraft:shield":1,"minecraft:iron_axe":2,"minecraft:iron_pickaxe":1,"minecraft:iron_helmet":1},"minecraft:mined":{"minecraft:large_amethyst_bud":1,"minecraft:spruce_planks":48,"minecraft:white_bed":2,"minecraft:farmland":1,"minecraft:cobblestone_stairs":6,"minecraft:obsidian":16,"minecraft:granite":17,"chileancraft:doca":37,"minecraft:budding_amethyst":1,"minecraft:grass_block":15,"minecraft:tall_seagrass":5,"minecraft:glowstone":16,"minecraft:iron_ore":144,"minecraft:cobbled_deepslate":8,"minecraft:fire":5,"minecraft:barrel":1,"minecraft:granite_slab":4,"minecraft:deepslate_lapis_ore":3,"minecraft:azure_bluet":2,"minecraft:brown_bed":2,"minecraft:dirt_path":1,"minecraft:deepslate_redstone_ore":23,"chileancraft:tronco_de_araucaria":4,"minecraft:brown_mushroom":6,"minecraft:kelp_plant":13,"minecraft:medium_amethyst_bud":1,"chileancraft:telar_top":3,"minecraft:amethyst_cluster":2,"minecraft:torch":10,"minecraft:calcite":2,"minecraft:chest":2,"minecraft:dead_bush":2,"minecraft:nether_quartz_ore":13,"minecraft:cobblestone":39,"minecraft:sugar_cane":37,"minecraft:wall_torch":18,"minecraft:amethyst_block":1,"minecraft:seagrass":3,"chileancraft:choclo_8":1,"chileancraft:plato_hondo_de_greda_cocida":3,"chileancraft:manzanilla":1,"chileancraft:tinaja_de_greda_cocida":3,"minecraft:wheat":102,"minecraft:grass":44,"minecraft:oak_log":26,"minecraft:sand":269,"minecraft:dirt":172,"minecraft:netherrack":54,"minecraft:oak_leaves":12,"minecraft:deepslate":52,"chileancraft:parra_13":1,"minecraft:tuff":11,"chileancraft:parra_14":1,"minecraft:mossy_cobblestone":13,"minecraft:deepslate_diamond_ore":9,"minecraft:spruce_fence":2,"chileancraft:bloque_de_paja":3,"chileancraft:cebolla_6":1,"minecraft:spruce_leaves":127,"minecraft:kelp":2,"minecraft:spruce_sapling":1,"minecraft:furnace":17,"minecraft:andesite":8,"minecraft:stripped_spruce_log":2,"minecraft:deepslate_iron_ore":32,"chileancraft:cebolla_1":1,"chileancraft:parrilla":1,"minecraft:bamboo_sapling":1,"chileancraft:aji_6":2,"minecraft:bamboo":2,"minecraft:stone":339,"minecraft:podzol":66,"tsdpp:sprucebark_door":3,"minecraft:dandelion":2,"minecraft:spruce_door":3,"minecraft:crafting_table":10,"minecraft:cornflower":1,"minecraft:campfire":1,"minecraft:tall_grass":2,"minecraft:copper_ore":2,"minecraft:lapis_ore":3,"minecraft:deepslate_gold_ore":8,"minecraft:diorite":30,"minecraft:spruce_stairs":37,"minecraft:coarse_dirt":24,"chileancraft:tomate_11":1,"minecraft:sweet_berry_bush":15,"minecraft:spruce_log":881,"minecraft:birch_leaves":1,"minecraft:coal_ore":84,"minecraft:gravel":12,"chileancraft:olla_de_greda_cocida":3,"minecraft:spruce_fence_gate":1,"minecraft:mossy_stone_bricks":1,"minecraft:gold_ore":2,"minecraft:fern":106},"minecraft:picked_up":{"minecraft:wooden_axe":3,"minecraft:iron_chestplate":3,"minecraft:wheat":94,"minecraft:lead":10,"minecraft:brown_bed":4,"minecraft:potion":1,"minecraft:amethyst_block":1,"chileancraft:ropa_de_huaso_helmet":4,"minecraft:string":38,"minecraft:raw_copper":8,"minecraft:cooked_salmon":4,"minecraft:iron_leggings":3,"minecraft:pufferfish":3,"minecraft:cobbled_deepslate":81,"minecraft:spruce_planks":139,"minecraft:calcite":2,"minecraft:iron_pickaxe":4,"alexsmobs:raccoon_tail":1,"chileancraft:parrilla":1,"minecraft:furnace":21,"minecraft:iron_boots":4,"minecraft:stick":225,"minecraft:torch":45,"minecraft:spruce_stairs":47,"minecraft:porkchop":8,"chileancraft:jaiva_cruda":2,"minecraft:dried_kelp":51,"chileancraft:tronco_de_araucaria":4,"minecraft:diorite":33,"chileancraft:semilla_de_cebolla":5,"minecraft:rotten_flesh":99,"chileancraft:telar_top":6,"minecraft:obsidian":32,"minecraft:cod":17,"alexsmobs:lobster_tail":36,"minecraft:cobblestone":408,"minecraft:water_bucket":4,"minecraft:andesite":8,"minecraft:potato":8,"alexsmobs:bison_fur":4,"chileancraft:kultrun":2,"minecraft:flint":1,"minecraft:tuff":11,"chileancraft:lanza_2":28,"minecraft:lapis_lazuli":36,"minecraft:dirt":377,"minecraft:bone":46,"minecraft:bow":3,"minecraft:wheat_seeds":284,"minecraft:raw_gold":20,"chileancraft:semilla_de_uva_red_globe":3,"minecraft:mossy_stone_bricks":1,"minecraft:glowstone_dust":46,"minecraft:bamboo":9,"chileancraft:pinones":48,"minecraft:stone_hoe":1,"minecraft:cooked_porkchop":2,"chileancraft:bloque_de_paja":3,"minecraft:sand":313,"minecraft:stripped_spruce_log":5,"chileancraft:olla_de_greda_cocida":6,"minecraft:granite_slab":4,"alexsmobs:animal_dictionary":1,"minecraft:barrel":1,"minecraft:mossy_cobblestone":17,"minecraft:spruce_fence_gate":1,"minecraft:diamond":9,"minecraft:spruce_boat":8,"minecraft:granite":19,"minecraft:oak_sapling":8,"minecraft:netherrack":64,"chileancraft:mil_pesos":1,"minecraft:diamond_pickaxe":1,"minecraft:coarse_dirt":24,"minecraft:charcoal":58,"chileancraft:tinaja_de_greda_cocida":6,"minecraft:crafting_table":14,"minecraft:azure_bluet":1,"minecraft:chicken":2,"minecraft:brown_mushroom":6,"minecraft:wooden_pickaxe":1,"chileancraft:semilla_de_tomate_limachino":1,"minecraft:shield":3,"minecraft:cornflower":1,"alexsmobs:cooked_catfish":3,"minecraft:oak_trapdoor":1,"minecraft:iron_axe":1,"minecraft:flint_and_steel":4,"chileancraft:cebolla":1,"minecraft:beef":40,"minecraft:iron_nugget":14,"minecraft:spruce_slab":6,"minecraft:chest":2,"minecraft:sugar_cane":111,"alexsmobs:cooked_lobster_tail":30,"minecraft:phantom_membrane":2,"minecraft:egg":9,"chileancraft:huevo_de_codorniz":1,"minecraft:raw_iron":277,"chileancraft:ruda":1,"minecraft:spruce_fence":3,"minecraft:carrot":1,"minecraft:redstone":198,"minecraft:arrow":80,"minecraft:cooked_cod":33,"minecraft:gold_ingot":6,"minecraft:mutton":13,"minecraft:white_wool":9,"chileancraft:plato_hondo_de_greda_cocida_item":6,"chileancraft:diguenes":12,"chileancraft:semilla_de_uva_moscatel":1,"minecraft:glow_ink_sac":5,"minecraft:tripwire_hook":2,"minecraft:salmon":8,"minecraft:leather":19,"minecraft:oak_log":25,"minecraft:gunpowder":7,"minecraft:cobblestone_stairs":8,"chileancraft:uva_red_glob":1,"minecraft:cooked_mutton":8,"minecraft:apple":2,"minecraft:kelp":111,"minecraft:spruce_wood":6,"minecraft:iron_ingot":13,"minecraft:stone_pickaxe":1,"chileancraft:choclo":5,"minecraft:sweet_berries":47,"minecraft:quartz":13,"minecraft:dandelion":1,"minecraft:gravel":11,"minecraft:amethyst_shard":8,"minecraft:spruce_sapling":237,"chileancraft:semilla_de_a_ji_cacho_de_cabra":2,"minecraft:white_bed":2,"minecraft:spruce_log":838,"chileancraft:semilla_de_choclo":2,"minecraft:spruce_door":5,"minecraft:spider_eye":7,"chileancraft:trutruca":2,"alexsmobs:raw_catfish":3,"minecraft:stone_axe":1,"chileancraft:tomate_limachino":1,"chileancraft:ropa_mapuche_0_chestplate":2,"chileancraft:doca":36,"chileancraft:manzanilla":1,"minecraft:black_wool":1,"minecraft:pink_dye":36,"minecraft:coal":117,"minecraft:ender_pearl":1}},"DataVersion":3120}