{"stats":{"minecraft:crafted":{"minecraft:smooth_stone":193,"minecraft:oak_planks":138,"minecraft:barrel":1,"alexsmobs:animal_dictionary":1,"chileancraft:ropa_de_huaso_helmet":2,"chileancraft:parrilla":1,"minecraft:stone":197,"minecraft:cobblestone_stairs":4,"minecraft:bookshelf":21,"minecraft:cooked_mutton":2,"minecraft:iron_bars":16,"minecraft:green_dye":2,"chileancraft:paja":8,"minecraft:glass":96,"minecraft:bow":1,"minecraft:iron_boots":2,"minecraft:chest":5,"cfm:stripped_birch_chair":4,"minecraft:stone_hoe":1,"minecraft:wooden_shovel":3,"minecraft:cooked_porkchop":3,"minecraft:crafting_table":9,"minecraft:spruce_planks":1620,"minecraft:iron_helmet":1,"minecraft:wooden_pickaxe":2,"minecraft:spruce_door":6,"chileancraft:hacha_mapuche":1,"minecraft:hay_block":1,"tsdpp:sprucebark_door":3,"minecraft:campfire":4,"minecraft:tnt":1,"minecraft:spruce_trapdoor":2,"minecraft:iron_chestplate":2,"minecraft:book":38,"minecraft:diamond_pickaxe":1,"minecraft:paper":105,"minecraft:charcoal":290,"minecraft:yellow_dye":1,"minecraft:shield":2,"minecraft:stick":296,"cfm:stripped_oak_table":8,"minecraft:iron_ingot":193,"minecraft:iron_pickaxe":9,"minecraft:iron_block":3,"minecraft:gold_ingot":19,"minecraft:spruce_fence_gate":2,"webdisplays:screen":8,"minecraft:shears":1,"cfm:spruce_park_bench":4,"minecraft:oak_door":3,"minecraft:stone_shovel":5,"minecraft:fishing_rod":1,"minecraft:furnace":4,"minecraft:blast_furnace":3,"minecraft:bone_meal":36,"minecraft:spruce_fence":129,"minecraft:pink_dye":36,"minecraft:white_carpet":3,"minecraft:glass_pane":80,"minecraft:oak_trapdoor":2,"minecraft:flint_and_steel":3,"webdisplays:craftcomp_backlight":5,"minecraft:lantern":2,"minecraft:spruce_stairs":300,"minecraft:iron_axe":2,"minecraft:ladder":63,"minecraft:spruce_slab":60,"minecraft:stone_pickaxe":5,"minecraft:spruce_boat":2,"minecraft:red_dye":1,"minecraft:enchanting_table":1,"minecraft:dried_kelp":84,"minecraft:bucket":1,"minecraft:stone_axe":15,"minecraft:jungle_planks":4,"minecraft:bread":38,"minecraft:air":0,"minecraft:oak_boat":2,"minecraft:blue_dye":3,"minecraft:white_wool":3,"minecraft:wooden_axe":20,"minecraft:iron_shovel":1,"minecraft:iron_leggings":2,"minecraft:anvil":1,"minecraft:white_bed":2,"minecraft:torch":240,"minecraft:granite_slab":6},"minecraft:mined":{"minecraft:large_amethyst_bud":1,"chileancraft:mena_desalitre":4,"minecraft:spruce_planks":60,"minecraft:white_bed":9,"minecraft:farmland":1,"minecraft:cobblestone_stairs":6,"minecraft:jungle_leaves":10,"minecraft:obsidian":16,"webdisplays:screen":5,"chileancraft:doca":38,"minecraft:granite":17,"minecraft:budding_amethyst":1,"minecraft:acacia_log":8,"minecraft:grass_block":19,"minecraft:jungle_log":476,"chileancraft:plato_bajo_de_greda_cocida":1,"minecraft:smooth_stone":1,"minecraft:tall_seagrass":5,"minecraft:glowstone":16,"minecraft:iron_ore":157,"minecraft:barrel":1,"minecraft:cobbled_deepslate":8,"minecraft:fire":54,"minecraft:pumpkin":27,"minecraft:deepslate_lapis_ore":3,"minecraft:granite_slab":4,"minecraft:azure_bluet":2,"minecraft:brown_bed":4,"minecraft:enchanting_table":1,"minecraft:dirt_path":1,"cfm:stripped_birch_chair":2,"minecraft:tripwire":1,"minecraft:deepslate_redstone_ore":23,"chileancraft:tronco_de_araucaria":4,"minecraft:brown_mushroom":6,"chileancraft:tronco_de_espino":1,"chileancraft:hojas_de_araucaria":11,"minecraft:kelp_plant":13,"minecraft:medium_amethyst_bud":1,"chileancraft:telar_top":3,"minecraft:amethyst_cluster":2,"minecraft:torch":15,"minecraft:blast_furnace":3,"minecraft:poppy":1,"minecraft:calcite":2,"minecraft:melon":2,"minecraft:chest":2,"minecraft:dead_bush":2,"minecraft:nether_quartz_ore":13,"minecraft:cobblestone":49,"minecraft:sugar_cane":81,"minecraft:iron_door":6,"minecraft:wall_torch":28,"minecraft:amethyst_block":1,"minecraft:seagrass":3,"chileancraft:choclo_8":1,"cfm:spruce_park_bench":1,"chileancraft:plato_hondo_de_greda_cocida":3,"chileancraft:manzanilla":1,"minecraft:birch_log":34,"chileancraft:tinaja_de_greda_cocida":3,"minecraft:wheat":112,"minecraft:grass":86,"minecraft:oak_log":128,"minecraft:sand":271,"minecraft:dirt":733,"minecraft:potted_red_tulip":1,"minecraft:netherrack":54,"minecraft:oak_leaves":16,"minecraft:deepslate":864,"chileancraft:parra_13":1,"minecraft:tuff":30,"chileancraft:parra_14":1,"minecraft:mossy_cobblestone":28,"minecraft:deepslate_diamond_ore":9,"minecraft:stripped_birch_log":4,"minecraft:ladder":1,"chileancraft:bloque_de_paja":3,"minecraft:spruce_fence":11,"chileancraft:cebolla_6":1,"minecraft:spruce_leaves":161,"minecraft:kelp":3,"minecraft:large_fern":4,"minecraft:spruce_sapling":1,"minecraft:furnace":18,"chileancraft:san_pedro":1,"minecraft:andesite":34,"minecraft:stripped_spruce_log":2,"minecraft:vine":25,"minecraft:bookshelf":24,"minecraft:deepslate_iron_ore":35,"chileancraft:cebolla_1":1,"chileancraft:parrilla":1,"minecraft:lantern":8,"minecraft:stripped_oak_log":6,"minecraft:bamboo_sapling":1,"minecraft:bamboo":2,"chileancraft:aji_6":2,"minecraft:stone":749,"minecraft:podzol":161,"tsdpp:sprucebark_door":3,"minecraft:dandelion":3,"minecraft:spruce_door":3,"minecraft:crafting_table":24,"minecraft:cornflower":1,"minecraft:campfire":1,"minecraft:copper_ore":2,"minecraft:tall_grass":2,"minecraft:lapis_ore":3,"chileancraft:cardo":1,"minecraft:deepslate_gold_ore":8,"minecraft:diorite":68,"minecraft:spruce_stairs":37,"minecraft:cactus":11,"minecraft:coarse_dirt":24,"chileancraft:tomate_11":1,"minecraft:sweet_berry_bush":19,"minecraft:white_carpet":6,"minecraft:spruce_log":1053,"minecraft:birch_leaves":2,"minecraft:cocoa":2,"minecraft:coal_ore":118,"minecraft:gravel":14,"chileancraft:olla_de_greda_cocida":3,"minecraft:spruce_fence_gate":1,"minecraft:mossy_stone_bricks":1,"minecraft:gold_ore":3,"minecraft:fern":125},"minecraft:killed_by":{"minecraft:creeper":7,"minecraft:drowned":1,"alexsmobs:skelewag":2,"minecraft:player":1,"minecraft:skeleton":10},"minecraft:broken":{"minecraft:iron_shovel":1,"minecraft:wooden_shovel":3,"minecraft:iron_boots":2,"minecraft:iron_chestplate":1,"minecraft:iron_leggings":1,"minecraft:stone_pickaxe":4,"chileancraft:hacha_mapuche":1,"minecraft:wooden_sword":1,"minecraft:stone_axe":13,"minecraft:wooden_axe":18,"minecraft:stone_shovel":4,"minecraft:shield":2,"minecraft:iron_axe":2,"minecraft:iron_pickaxe":7,"minecraft:iron_helmet":1},"minecraft:picked_up":{"minecraft:iron_chestplate":9,"minecraft:wheat":149,"minecraft:flower_pot":1,"minecraft:lead":35,"minecraft:brown_bed":6,"minecraft:potion":1,"minecraft:amethyst_block":1,"chileancraft:ropa_de_huaso_helmet":13,"minecraft:string":68,"minecraft:raw_copper":8,"minecraft:cooked_salmon":4,"minecraft:iron_leggings":8,"chileancraft:molotov_muy_real":2,"minecraft:pufferfish":4,"minecraft:smooth_stone":1,"alexsmobs:banana":14,"minecraft:cobbled_deepslate":886,"minecraft:spruce_planks":493,"minecraft:calcite":2,"minecraft:iron_pickaxe":7,"alexsmobs:raccoon_tail":1,"minecraft:melon_slice":38,"chileancraft:parrilla":1,"webdisplays:screen":5,"minecraft:furnace":22,"minecraft:iron_boots":13,"minecraft:stick":464,"minecraft:acacia_log":8,"minecraft:torch":79,"minecraft:spruce_stairs":47,"minecraft:porkchop":8,"chileancraft:jaiva_cruda":2,"minecraft:dried_kelp":51,"chileancraft:tronco_de_araucaria":4,"minecraft:diorite":71,"chileancraft:semilla_de_cebolla":5,"minecraft:cactus":31,"minecraft:rotten_flesh":405,"chileancraft:telar_top":6,"minecraft:red_tulip":1,"minecraft:obsidian":38,"alexsmobs:flying_fish":1,"minecraft:cod":40,"alexsmobs:lobster_tail":37,"minecraft:cobblestone":828,"chileancraft:vino_blanco":7,"minecraft:birch_log":34,"minecraft:enchanting_table":1,"minecraft:leather_chestplate":2,"minecraft:feather":2,"minecraft:cooked_beef":107,"minecraft:jungle_log":527,"minecraft:iron_door":38,"minecraft:water_bucket":8,"minecraft:andesite":34,"chileancraft:salitre":8,"chileancraft:tronco_de_espino":1,"minecraft:potato":20,"alexsmobs:bison_fur":4,"chileancraft:kultrun":2,"minecraft:flint":4,"minecraft:tuff":30,"minecraft:light_gray_dye":1,"chileancraft:sopaipilla":5,"chileancraft:lanza_2":35,"minecraft:lantern":24,"minecraft:lapis_lazuli":36,"minecraft:stripped_birch_log":4,"minecraft:dirt":1338,"minecraft:leather_boots":1,"minecraft:bone":72,"minecraft:bow":8,"minecraft:wheat_seeds":324,"minecraft:raw_gold":21,"chileancraft:semilla_de_uva_red_globe":5,"chileancraft:escudinho":6,"minecraft:mossy_stone_bricks":3,"minecraft:glowstone_dust":46,"minecraft:bamboo":9,"chileancraft:pinones":48,"minecraft:stone_hoe":1,"minecraft:cooked_porkchop":2,"chileancraft:bloque_de_paja":3,"minecraft:sand":364,"minecraft:stripped_spruce_log":5,"chileancraft:olla_de_greda_cocida":7,"minecraft:ink_sac":3,"minecraft:granite_slab":4,"alexsmobs:animal_dictionary":7,"minecraft:barrel":1,"minecraft:mossy_cobblestone":32,"minecraft:spruce_fence_gate":1,"minecraft:diamond":9,"minecraft:spruce_boat":18,"minecraft:granite":19,"minecraft:golden_apple":2,"minecraft:bread":1,"alexsmobs:maggot":1,"chileancraft:san_pedro":2,"minecraft:oak_sapling":67,"minecraft:cocoa_beans":34,"minecraft:netherrack":70,"chileancraft:super_8":4,"chileancraft:mil_pesos":3,"minecraft:diamond_pickaxe":1,"minecraft:charcoal":72,"minecraft:fishing_rod":2,"minecraft:coarse_dirt":24,"chileancraft:tinaja_de_greda_cocida":6,"minecraft:crafting_table":36,"cfm:spruce_park_bench":1,"minecraft:azure_bluet":2,"minecraft:chicken":3,"minecraft:ladder":1,"minecraft:brown_mushroom":7,"minecraft:wooden_pickaxe":1,"minecraft:gold_block":2,"chileancraft:semilla_de_tomate_limachino":7,"minecraft:shield":8,"minecraft:cornflower":2,"alexsmobs:cooked_catfish":3,"minecraft:oak_trapdoor":1,"minecraft:iron_axe":1,"minecraft:flint_and_steel":11,"minecraft:white_carpet":6,"chileancraft:escudnho_2":3,"chileancraft:cebolla":1,"minecraft:beef":44,"minecraft:oak_boat":4,"minecraft:poppy":1,"minecraft:jungle_sapling":75,"minecraft:iron_nugget":38,"minecraft:spruce_slab":6,"minecraft:chest":2,"minecraft:sugar_cane":180,"alexsmobs:cooked_lobster_tail":30,"minecraft:birch_sapling":9,"minecraft:phantom_membrane":2,"minecraft:egg":24,"chileancraft:huevo_de_codorniz":2,"minecraft:raw_iron":293,"chileancraft:semilla_de_uva_pais":3,"chileancraft:ruda":1,"chileancraft:remolino":16,"minecraft:spruce_fence":12,"minecraft:fire_charge":2,"minecraft:carrot":12,"minecraft:redstone":198,"minecraft:arrow":99,"minecraft:cooked_cod":33,"chileancraft:uniforme_paco_helmet":1,"chileancraft:plato_bajo_de_greda_cocida_item":1,"minecraft:gold_ingot":6,"minecraft:mutton":15,"minecraft:white_wool":33,"minecraft:stripped_oak_log":6,"chileancraft:plato_hondo_de_greda_cocida_item":6,"chileancraft:diguenes":12,"chileancraft:semilla_de_uva_moscatel":2,"minecraft:glow_ink_sac":7,"minecraft:tripwire_hook":2,"minecraft:salmon":14,"minecraft:leather":47,"minecraft:oak_log":122,"minecraft:lily_pad":1,"cfm:stripped_birch_chair":2,"minecraft:gunpowder":17,"minecraft:cobblestone_stairs":8,"chileancraft:uva_red_glob":1,"minecraft:paper":8,"minecraft:cooked_mutton":20,"minecraft:apple":6,"minecraft:kelp":124,"minecraft:spruce_wood":6,"minecraft:iron_ingot":13,"minecraft:stone_pickaxe":1,"chileancraft:choclo":5,"chileancraft:chocman":6,"minecraft:acacia_sapling":4,"chileancraft:moneda_de_10":3,"minecraft:book":584,"minecraft:pumpkin":28,"minecraft:sweet_berries":68,"minecraft:quartz":13,"minecraft:dandelion":3,"minecraft:gravel":11,"minecraft:amethyst_shard":8,"minecraft:blast_furnace":3,"minecraft:spruce_sapling":265,"chileancraft:semilla_de_a_ji_cacho_de_cabra":3,"minecraft:white_bed":11,"minecraft:spruce_log":1061,"chileancraft:semilla_de_choclo":2,"minecraft:spruce_door":5,"minecraft:spider_eye":9,"chileancraft:trutruca":2,"alexsmobs:raw_catfish":3,"minecraft:stone_axe":4,"chileancraft:tomate_limachino":1,"chileancraft:doca":53,"chileancraft:ropa_mapuche_0_chestplate":7,"chileancraft:tula":2,"minecraft:baked_potato":4,"chileancraft:manzanilla":1,"minecraft:black_wool":1,"minecraft:pink_dye":36,"minecraft:coal":157,"minecraft:wooden_axe":3,"minecraft:ender_pearl":1},"minecraft:used":{"chileancraft:escudnho_2":2,"minecraft:iron_shovel":251,"minecraft:spruce_slab":54,"minecraft:ladder":42,"minecraft:shield":111,"minecraft:chest":7,"minecraft:rotten_flesh":41,"minecraft:iron_chestplate":3,"minecraft:carrot":8,"minecraft:tuff":11,"minecraft:obsidian":10,"minecraft:spruce_boat":12,"chileancraft:semilla_de_tomate_limachino":3,"alexsmobs:cooked_lobster_tail":30,"minecraft:birch_sapling":9,"minecraft:lantern":2,"chileancraft:escudinho":50,"minecraft:bow":39,"minecraft:hay_block":1,"minecraft:sweet_berries":51,"minecraft:oak_sapling":26,"minecraft:cooked_cod":13,"minecraft:furnace":18,"minecraft:egg":12,"minecraft:potato":21,"minecraft:diorite":31,"minecraft:cactus":5,"minecraft:spruce_door":10,"minecraft:stone_pickaxe":525,"chileancraft:tronco_de_araucaria":4,"chileancraft:ropa_mapuche_0_chestplate":2,"minecraft:wooden_pickaxe":45,"minecraft:sugar_cane":39,"minecraft:white_wool":2,"minecraft:sand":2,"minecraft:blast_furnace":3,"chileancraft:semilla_de_cebolla":5,"tsdpp:sprucebark_door":3,"minecraft:string":2,"minecraft:melon_slice":17,"minecraft:bread":37,"chileancraft:semilla_de_uva_moscatel":2,"minecraft:gravel":11,"minecraft:granite_slab":5,"chileancraft:semilla_de_uva_pais":1,"minecraft:wooden_sword":27,"chileancraft:semilla_de_choclo":5,"minecraft:andesite":8,"minecraft:birch_log":4,"chileancraft:tronco_de_espino":1,"minecraft:oak_boat":4,"minecraft:coarse_dirt":12,"minecraft:bone_meal":34,"cfm:stripped_birch_chair":5,"minecraft:oak_trapdoor":2,"minecraft:flint_and_steel":56,"minecraft:enchanting_table":2,"chileancraft:parrilla":2,"chileancraft:hacha_mapuche":50,"minecraft:stone_shovel":613,"minecraft:dried_kelp":135,"chileancraft:vino_blanco":1,"minecraft:spruce_planks":549,"minecraft:cooked_salmon":8,"minecraft:wooden_shovel":177,"minecraft:stone_hoe":89,"minecraft:cooked_chicken":1,"minecraft:netherrack":51,"minecraft:oak_door":2,"minecraft:torch":293,"chileancraft:tula":3,"minecraft:dirt":618,"minecraft:anvil":1,"minecraft:white_carpet":9,"minecraft:spruce_stairs":321,"minecraft:granite":14,"minecraft:spruce_fence":141,"minecraft:wooden_axe":1032,"minecraft:bookshelf":21,"chileancraft:ropa_de_huaso_helmet":1,"minecraft:iron_axe":378,"minecraft:jungle_log":26,"minecraft:iron_boots":5,"chileancraft:bloque_de_paja":3,"minecraft:barrel":2,"chileancraft:semilla_de_a_ji_cacho_de_cabra":6,"minecraft:bamboo":11,"chileancraft:semilla_de_uva_red_globe":3,"alexsmobs:lobster_bucket":3,"minecraft:cooked_beef":50,"minecraft:cobbled_deepslate":82,"minecraft:iron_leggings":4,"minecraft:brown_bed":2,"minecraft:calcite":2,"minecraft:wheat_seeds":187,"minecraft:cooked_mutton":10,"alexsmobs:cooked_catfish":3,"minecraft:water_bucket":22,"minecraft:amethyst_block":1,"minecraft:cobblestone_stairs":8,"minecraft:baked_potato":3,"chileancraft:chocman":2,"minecraft:brown_mushroom":1,"minecraft:spruce_fence_gate":3,"minecraft:mossy_cobblestone":14,"chileancraft:diguenes":1,"minecraft:crafting_table":31,"minecraft:white_bed":9,"minecraft:campfire":4,"minecraft:cod":2,"minecraft:spruce_log":282,"minecraft:oak_log":6,"minecraft:flower_pot":1,"minecraft:cornflower":1,"minecraft:black_wool":1,"minecraft:diamond_pickaxe":42,"minecraft:apple":2,"chileancraft:super_8":4,"minecraft:chicken":1,"minecraft:iron_pickaxe":1797,"chileancraft:remolino":1,"chileancraft:banderadark":1,"minecraft:spruce_trapdoor":1,"minecraft:spruce_sapling":178,"minecraft:stone_axe":1589,"cfm:stripped_oak_table":6,"minecraft:fishing_rod":77,"minecraft:cobblestone":488,"cfm:spruce_park_bench":5,"minecraft:cooked_porkchop":5,"minecraft:bucket":26,"minecraft:glass_pane":49,"webdisplays:screen":11,"alexsmobs:animal_dictionary":24,"minecraft:dandelion":1,"minecraft:smooth_stone":163},"minecraft:dropped":{"chileancraft:semilla_de_a_ji_cacho_de_cabra":1,"minecraft:brown_mushroom":1,"minecraft:cooked_beef":1,"minecraft:oak_log":7,"chileancraft:semilla_de_tomate_limachino":1,"minecraft:glass_bottle":1,"minecraft:ender_pearl":1,"minecraft:crafting_table":1,"chileancraft:diguenes":2,"chileancraft:remolino":1,"minecraft:dirt":32,"minecraft:yellow_dye":1,"chileancraft:lanza_2":3,"minecraft:sand":1,"minecraft:white_wool":3,"minecraft:bone":7,"minecraft:stone_axe":4,"minecraft:iron_nugget":3,"alexsmobs:animal_dictionary":1,"minecraft:wheat":3,"minecraft:birch_sapling":1,"minecraft:rotten_flesh":3,"chileancraft:ropa_mapuche_0_chestplate":1,"chileancraft:tinaja_de_greda_cocida":2,"minecraft:azure_bluet":1,"minecraft:white_bed":2,"minecraft:jungle_log":340,"chileancraft:uniforme_paco_helmet":1,"chileancraft:telar_top":2,"minecraft:arrow":1,"alexsmobs:banana":2,"minecraft:bread":1,"minecraft:egg":6,"minecraft:iron_ingot":9,"chileancraft:ropa_de_huaso_helmet":1,"minecraft:wheat_seeds":18,"chileancraft:plato_bajo_de_greda_cocida_item":1,"minecraft:lead":2,"chileancraft:semilla_de_uva_red_globe":2,"minecraft:stick":2,"chileancraft:pinones":8,"minecraft:blue_dye":1,"minecraft:wooden_axe":2,"minecraft:potion":1,"chileancraft:semilla_de_choclo":1,"minecraft:iron_axe":1,"chileancraft:ruda":1,"chileancraft:olla_de_greda_cocida":3,"minecraft:string":13,"minecraft:tripwire_hook":1,"minecraft:spruce_sapling":1,"minecraft:sweet_berries":9,"alexsmobs:maggot":1,"minecraft:coarse_dirt":12,"minecraft:stone_shovel":1,"chileancraft:manzanilla":1,"chileancraft:semilla_de_uva_moscatel":1,"minecraft:flint_and_steel":1,"chileancraft:semilla_de_cebolla":1,"minecraft:potato":6,"chileancraft:plato_hondo_de_greda_cocida_item":2,"minecraft:shield":1,"alexsmobs:lobster_tail":1,"chileancraft:doca":16,"minecraft:oak_sapling":1,"minecraft:brown_bed":1,"minecraft:spider_eye":1,"minecraft:light_gray_dye":1,"minecraft:stone_pickaxe":1},"minecraft:custom":{"minecraft:animals_bred":10,"minecraft:interact_with_crafting_table":253,"minecraft:open_barrel":63,"minecraft:leave_game":23,"minecraft:time_since_death":112281,"minecraft:sprint_one_cm":3863740,"minecraft:damage_blocked_by_shield":5600,"minecraft:drop":243,"minecraft:talked_to_villager":23,"minecraft:play_time":1146769,"minecraft:deaths":23,"minecraft:jump":14266,"minecraft:walk_on_water_one_cm":202304,"minecraft:enchant_item":1,"minecraft:interact_with_furnace":147,"minecraft:sleep_in_bed":38,"minecraft:damage_dealt":39099,"minecraft:player_kills":1,"minecraft:crouch_one_cm":143018,"minecraft:interact_with_anvil":1,"minecraft:mob_kills":332,"minecraft:interact_with_campfire":57,"minecraft:climb_one_cm":83149,"minecraft:walk_one_cm":3405168,"minecraft:sneak_time":51530,"minecraft:walk_under_water_one_cm":195331,"minecraft:boat_one_cm":1343614,"minecraft:interact_with_blast_furnace":30,"minecraft:total_world_time":1146769,"minecraft:pot_flower":1,"minecraft:time_since_rest":35640,"minecraft:damage_taken":15072,"minecraft:swim_one_cm":543221,"minecraft:fly_one_cm":1886576,"minecraft:open_chest":371,"minecraft:fish_caught":41,"minecraft:fall_one_cm":241287},"minecraft:killed":{"alexsmobs:lobster":74,"minecraft:witch":1,"minecraft:spider":27,"chileancraft:paco":1,"minecraft:cod":13,"minecraft:skeleton":34,"minecraft:chicken":1,"alexsmobs:skelewag":1,"minecraft:pig":7,"minecraft:zombie_villager":1,"minecraft:salmon":5,"minecraft:creeper":5,"minecraft:sheep":12,"minecraft:trader_llama":4,"minecraft:zombie":71,"alexsmobs:terrapin":1,"alexsmobs:fly":1,"minecraft:glow_squid":2,"minecraft:cow":25,"alexsmobs:raccoon":1,"minecraft:phantom":3,"alexsmobs:bison":3,"minecraft:drowned":4,"chileancraft:mapuche_hombre":2,"alexsmobs:flying_fish":1,"chileancraft:mujer_mapuche":1,"chileancraft:paco_ffee":1,"alexsmobs:catfish":2,"chileancraft:jaiba":2,"minecraft:enderman":3}},"DataVersion":3120}