{"stats":{"minecraft:broken":{"minecraft:iron_shovel":1,"minecraft:iron_boots":1,"minecraft:iron_leggings":1,"minecraft:stone_pickaxe":4,"chileancraft:hacha_mapuche":1,"minecraft:stone_axe":10,"minecraft:wooden_axe":3,"minecraft:stone_shovel":1,"minecraft:shield":1,"minecraft:iron_axe":2,"minecraft:iron_pickaxe":1,"minecraft:iron_helmet":1},"minecraft:picked_up":{"minecraft:wooden_axe":1,"minecraft:iron_chestplate":2,"minecraft:wheat":37,"minecraft:lead":6,"minecraft:amethyst_block":1,"chileancraft:ropa_de_huaso_helmet":2,"minecraft:string":38,"minecraft:cooked_salmon":4,"minecraft:raw_copper":8,"minecraft:iron_leggings":1,"minecraft:pufferfish":3,"minecraft:cobbled_deepslate":81,"minecraft:spruce_planks":67,"minecraft:calcite":2,"minecraft:iron_pickaxe":2,"alexsmobs:raccoon_tail":1,"chileancraft:parrilla":1,"minecraft:furnace":21,"minecraft:iron_boots":2,"minecraft:stick":143,"minecraft:torch":35,"minecraft:porkchop":8,"chileancraft:jaiva_cruda":2,"minecraft:spruce_stairs":47,"minecraft:dried_kelp":51,"minecraft:diorite":33,"chileancraft:semilla_de_cebolla":5,"minecraft:rotten_flesh":62,"minecraft:obsidian":32,"minecraft:cod":17,"alexsmobs:lobster_tail":36,"minecraft:cobblestone":408,"minecraft:water_bucket":2,"minecraft:andesite":8,"minecraft:potato":1,"minecraft:flint":1,"minecraft:tuff":11,"minecraft:lapis_lazuli":36,"minecraft:dirt":299,"minecraft:bone":46,"minecraft:bow":1,"minecraft:wheat_seeds":125,"minecraft:raw_gold":20,"chileancraft:semilla_de_uva_red_globe":2,"minecraft:glowstone_dust":46,"minecraft:stone_hoe":1,"minecraft:sand":301,"minecraft:stripped_spruce_log":5,"minecraft:granite_slab":4,"alexsmobs:animal_dictionary":1,"minecraft:barrel":1,"minecraft:mossy_cobblestone":17,"minecraft:spruce_fence_gate":1,"minecraft:diamond":9,"minecraft:granite":19,"minecraft:oak_sapling":8,"minecraft:netherrack":43,"minecraft:diamond_pickaxe":1,"minecraft:charcoal":58,"minecraft:crafting_table":12,"minecraft:coarse_dirt":24,"minecraft:chicken":2,"minecraft:brown_mushroom":6,"minecraft:wooden_pickaxe":1,"chileancraft:semilla_de_tomate_limachino":1,"minecraft:shield":1,"alexsmobs:cooked_catfish":3,"minecraft:oak_trapdoor":1,"minecraft:iron_axe":1,"minecraft:flint_and_steel":1,"chileancraft:cebolla":1,"minecraft:spruce_slab":6,"alexsmobs:cooked_lobster_tail":30,"minecraft:sugar_cane":33,"minecraft:chest":2,"minecraft:phantom_membrane":2,"minecraft:egg":8,"minecraft:raw_iron":277,"minecraft:spruce_fence":3,"minecraft:redstone":198,"minecraft:arrow":49,"minecraft:cooked_cod":21,"minecraft:mutton":13,"minecraft:white_wool":7,"chileancraft:semilla_de_uva_moscatel":1,"minecraft:tripwire_hook":1,"minecraft:glow_ink_sac":5,"minecraft:salmon":8,"minecraft:leather":3,"minecraft:oak_log":23,"minecraft:gunpowder":7,"minecraft:cobblestone_stairs":8,"minecraft:cooked_mutton":4,"minecraft:apple":2,"minecraft:kelp":105,"minecraft:iron_ingot":13,"minecraft:stone_pickaxe":1,"minecraft:sweet_berries":47,"minecraft:quartz":13,"minecraft:gravel":11,"minecraft:amethyst_shard":8,"minecraft:spruce_sapling":236,"chileancraft:semilla_de_a_ji_cacho_de_cabra":2,"minecraft:white_bed":2,"minecraft:spruce_log":829,"chileancraft:semilla_de_choclo":1,"minecraft:spruce_door":3,"minecraft:spider_eye":7,"alexsmobs:raw_catfish":3,"minecraft:stone_axe":1,"chileancraft:tomate_limachino":1,"chileancraft:manzanilla":1,"minecraft:black_wool":1,"minecraft:coal":117,"minecraft:ender_pearl":1},"minecraft:dropped":{"minecraft:brown_mushroom":1,"minecraft:ender_pearl":1,"minecraft:crafting_table":1,"minecraft:dirt":9,"minecraft:sand":1,"minecraft:white_wool":2,"minecraft:bone":6,"minecraft:stone_axe":1,"alexsmobs:animal_dictionary":1,"minecraft:egg":4,"minecraft:iron_ingot":9,"minecraft:wheat_seeds":2,"minecraft:lead":2,"chileancraft:semilla_de_choclo":1,"minecraft:iron_axe":1,"minecraft:string":13,"minecraft:sweet_berries":9,"minecraft:coarse_dirt":12,"chileancraft:manzanilla":1,"chileancraft:semilla_de_cebolla":1,"alexsmobs:lobster_tail":1,"minecraft:stone_pickaxe":1},"minecraft:custom":{"minecraft:animals_bred":3,"minecraft:interact_with_crafting_table":160,"minecraft:open_barrel":21,"minecraft:leave_game":10,"minecraft:time_since_death":38187,"minecraft:sprint_one_cm":1444367,"minecraft:damage_blocked_by_shield":3930,"minecraft:drop":61,"minecraft:talked_to_villager":1,"minecraft:play_time":545154,"minecraft:deaths":5,"minecraft:jump":6186,"minecraft:walk_on_water_one_cm":123776,"minecraft:interact_with_furnace":120,"minecraft:sleep_in_bed":9,"minecraft:damage_dealt":27630,"minecraft:player_kills":1,"minecraft:crouch_one_cm":108785,"minecraft:mob_kills":216,"minecraft:interact_with_campfire":49,"minecraft:climb_one_cm":11163,"minecraft:walk_one_cm":1859928,"minecraft:sneak_time":39300,"minecraft:walk_under_water_one_cm":114235,"minecraft:interact_with_blast_furnace":13,"minecraft:total_world_time":545154,"minecraft:time_since_rest":321,"minecraft:damage_taken":5740,"minecraft:swim_one_cm":293092,"minecraft:fly_one_cm":739164,"minecraft:open_chest":126,"minecraft:fish_caught":23,"minecraft:fall_one_cm":102527},"minecraft:mined":{"minecraft:large_amethyst_bud":1,"minecraft:spruce_planks":48,"minecraft:white_bed":2,"minecraft:farmland":1,"minecraft:cobblestone_stairs":6,"minecraft:obsidian":16,"minecraft:granite":17,"minecraft:budding_amethyst":1,"minecraft:grass_block":15,"minecraft:tall_seagrass":5,"minecraft:glowstone":16,"minecraft:cobbled_deepslate":8,"minecraft:fire":3,"minecraft:iron_ore":144,"minecraft:barrel":1,"minecraft:granite_slab":4,"minecraft:deepslate_lapis_ore":3,"minecraft:azure_bluet":1,"minecraft:dirt_path":1,"minecraft:deepslate_redstone_ore":23,"minecraft:brown_mushroom":6,"minecraft:kelp_plant":13,"minecraft:medium_amethyst_bud":1,"minecraft:amethyst_cluster":2,"minecraft:torch":10,"minecraft:calcite":2,"minecraft:chest":2,"minecraft:dead_bush":2,"minecraft:nether_quartz_ore":13,"minecraft:cobblestone":39,"minecraft:sugar_cane":12,"minecraft:wall_torch":18,"minecraft:amethyst_block":1,"minecraft:seagrass":3,"chileancraft:manzanilla":1,"minecraft:wheat":40,"minecraft:grass":43,"minecraft:oak_log":24,"minecraft:sand":269,"minecraft:dirt":172,"minecraft:netherrack":46,"minecraft:oak_leaves":3,"minecraft:deepslate":52,"chileancraft:parra_13":1,"minecraft:tuff":11,"minecraft:mossy_cobblestone":13,"minecraft:deepslate_diamond_ore":9,"minecraft:spruce_fence":2,"chileancraft:cebolla_6":1,"minecraft:spruce_leaves":127,"minecraft:kelp":2,"minecraft:spruce_sapling":1,"minecraft:furnace":17,"minecraft:andesite":8,"minecraft:stripped_spruce_log":2,"minecraft:deepslate_iron_ore":32,"chileancraft:cebolla_1":1,"chileancraft:parrilla":1,"chileancraft:aji_6":2,"minecraft:stone":339,"minecraft:podzol":66,"minecraft:spruce_door":1,"minecraft:dandelion":1,"minecraft:crafting_table":10,"minecraft:campfire":1,"minecraft:tall_grass":1,"minecraft:copper_ore":2,"minecraft:lapis_ore":3,"minecraft:deepslate_gold_ore":8,"minecraft:diorite":30,"minecraft:spruce_stairs":37,"minecraft:coarse_dirt":24,"chileancraft:tomate_11":1,"minecraft:sweet_berry_bush":15,"minecraft:spruce_log":869,"minecraft:coal_ore":84,"minecraft:gravel":12,"minecraft:spruce_fence_gate":1,"minecraft:gold_ore":2,"minecraft:fern":106},"minecraft:killed_by":{"minecraft:creeper":1,"minecraft:drowned":1,"minecraft:player":1,"minecraft:skeleton":2},"minecraft:used":{"minecraft:iron_shovel":251,"minecraft:spruce_slab":52,"minecraft:ladder":4,"minecraft:chest":5,"minecraft:shield":83,"minecraft:rotten_flesh":35,"minecraft:iron_chestplate":1,"minecraft:tuff":11,"minecraft:obsidian":10,"minecraft:spruce_boat":1,"chileancraft:semilla_de_tomate_limachino":2,"alexsmobs:cooked_lobster_tail":30,"minecraft:bow":12,"minecraft:hay_block":1,"minecraft:sweet_berries":42,"minecraft:furnace":18,"minecraft:oak_sapling":8,"minecraft:cooked_cod":2,"minecraft:potato":2,"minecraft:diorite":30,"minecraft:spruce_door":6,"minecraft:stone_pickaxe":525,"minecraft:wooden_pickaxe":45,"minecraft:sugar_cane":22,"minecraft:white_wool":1,"minecraft:sand":2,"minecraft:blast_furnace":3,"chileancraft:semilla_de_cebolla":4,"chileancraft:semilla_de_uva_moscatel":1,"minecraft:bread":8,"minecraft:gravel":11,"minecraft:granite_slab":5,"chileancraft:semilla_de_uva_pais":1,"chileancraft:semilla_de_choclo":2,"minecraft:andesite":8,"minecraft:coarse_dirt":12,"minecraft:bone_meal":29,"minecraft:oak_trapdoor":2,"minecraft:enchanting_table":1,"chileancraft:parrilla":2,"minecraft:flint_and_steel":4,"chileancraft:hacha_mapuche":50,"minecraft:stone_shovel":233,"minecraft:dried_kelp":134,"minecraft:spruce_planks":456,"minecraft:cooked_salmon":8,"minecraft:netherrack":33,"minecraft:stone_hoe":89,"minecraft:cooked_chicken":1,"minecraft:oak_door":2,"minecraft:torch":222,"minecraft:dirt":242,"minecraft:spruce_stairs":321,"minecraft:spruce_fence":120,"minecraft:granite":14,"minecraft:wooden_axe":160,"minecraft:iron_axe":378,"minecraft:iron_boots":2,"minecraft:barrel":2,"chileancraft:semilla_de_a_ji_cacho_de_cabra":2,"chileancraft:semilla_de_uva_red_globe":2,"alexsmobs:lobster_bucket":3,"minecraft:cobbled_deepslate":74,"minecraft:calcite":2,"minecraft:wheat_seeds":115,"minecraft:cooked_mutton":6,"alexsmobs:cooked_catfish":3,"minecraft:water_bucket":14,"minecraft:amethyst_block":1,"minecraft:cobblestone_stairs":8,"minecraft:spruce_fence_gate":3,"minecraft:mossy_cobblestone":14,"minecraft:crafting_table":12,"minecraft:white_bed":3,"minecraft:campfire":4,"minecraft:cod":2,"minecraft:spruce_log":281,"minecraft:black_wool":1,"minecraft:diamond_pickaxe":41,"minecraft:apple":1,"minecraft:iron_pickaxe":353,"minecraft:spruce_sapling":152,"minecraft:stone_axe":1201,"minecraft:fishing_rod":46,"minecraft:cobblestone":271,"minecraft:cooked_porkchop":3,"minecraft:bucket":18,"minecraft:glass_pane":49,"alexsmobs:animal_dictionary":7},"minecraft:killed":{"alexsmobs:lobster":74,"minecraft:spider":24,"minecraft:cod":2,"minecraft:skeleton":28,"minecraft:chicken":1,"minecraft:pig":6,"minecraft:zombie_villager":1,"minecraft:salmon":3,"minecraft:creeper":5,"minecraft:sheep":4,"minecraft:trader_llama":2,"minecraft:zombie":41,"alexsmobs:terrapin":1,"minecraft:glow_squid":2,"alexsmobs:raccoon":1,"minecraft:phantom":3,"minecraft:drowned":3,"alexsmobs:catfish":2,"chileancraft:jaiba":2,"minecraft:enderman":3},"minecraft:crafted":{"minecraft:smooth_stone":12,"minecraft:oak_planks":92,"minecraft:barrel":1,"chileancraft:ropa_de_huaso_helmet":1,"chileancraft:parrilla":1,"minecraft:stone":16,"minecraft:cobblestone_stairs":4,"minecraft:cooked_mutton":2,"minecraft:iron_bars":16,"chileancraft:paja":4,"minecraft:glass":96,"minecraft:bow":1,"minecraft:iron_boots":2,"minecraft:chest":3,"minecraft:stone_hoe":1,"minecraft:cooked_porkchop":3,"minecraft:crafting_table":4,"minecraft:spruce_planks":1244,"minecraft:wooden_pickaxe":2,"minecraft:iron_helmet":1,"minecraft:spruce_door":3,"chileancraft:hacha_mapuche":1,"minecraft:hay_block":1,"minecraft:campfire":4,"minecraft:tnt":1,"minecraft:book":1,"minecraft:paper":3,"minecraft:iron_chestplate":1,"minecraft:diamond_pickaxe":1,"minecraft:charcoal":230,"minecraft:shield":2,"minecraft:stick":156,"minecraft:iron_ingot":175,"minecraft:iron_pickaxe":2,"minecraft:gold_ingot":10,"minecraft:spruce_fence_gate":2,"minecraft:oak_door":3,"minecraft:stone_shovel":2,"minecraft:fishing_rod":1,"minecraft:furnace":4,"minecraft:blast_furnace":3,"minecraft:bone_meal":36,"minecraft:spruce_fence":123,"minecraft:oak_trapdoor":2,"minecraft:glass_pane":64,"minecraft:flint_and_steel":1,"webdisplays:craftcomp_backlight":5,"minecraft:spruce_stairs":300,"minecraft:iron_axe":2,"minecraft:ladder":6,"minecraft:spruce_slab":60,"minecraft:stone_pickaxe":5,"minecraft:spruce_boat":1,"minecraft:enchanting_table":1,"minecraft:dried_kelp":83,"minecraft:bucket":1,"minecraft:stone_axe":11,"minecraft:bread":8,"minecraft:air":0,"minecraft:blue_dye":1,"minecraft:white_wool":3,"minecraft:wooden_axe":4,"minecraft:iron_shovel":1,"minecraft:iron_leggings":2,"minecraft:white_bed":1,"minecraft:torch":196,"minecraft:granite_slab":6}},"DataVersion":3120}