{"stats":{"minecraft:crafted":{"minecraft:black_dye":1,"minecraft:stone":192,"minecraft:chest":39,"minecraft:dried_kelp_block":121,"minecraft:stone_hoe":1,"minecraft:smoker":3,"minecraft:crafting_table":5,"minecraft:spruce_planks":1052,"minecraft:wooden_pickaxe":1,"minecraft:spruce_door":6,"minecraft:campfire":24,"minecraft:charcoal":40,"minecraft:diamond_pickaxe":1,"minecraft:shield":2,"minecraft:stick":244,"minecraft:stone_slab":6,"minecraft:iron_ingot":29,"minecraft:iron_pickaxe":8,"minecraft:sandstone":7,"minecraft:black_bed":1,"minecraft:spruce_fence_gate":4,"minecraft:stone_shovel":34,"minecraft:furnace":7,"minecraft:bone_meal":27,"minecraft:spruce_fence":33,"minecraft:iron_axe":1,"minecraft:spruce_slab":342,"minecraft:stone_pickaxe":14,"minecraft:spruce_boat":2,"minecraft:dried_kelp":421,"minecraft:blue_bed":1,"minecraft:bucket":1,"minecraft:stone_axe":39,"minecraft:bread":8,"minecraft:air":0,"minecraft:blue_dye":1,"minecraft:iron_shovel":3,"minecraft:stonecutter":1,"minecraft:white_bed":2,"minecraft:torch":260},"minecraft:mined":{"minecraft:spruce_planks":73,"chileancraft:mena_desalitre":1,"minecraft:white_bed":2,"minecraft:jungle_leaves":5,"minecraft:granite":193,"minecraft:cave_vines_plant":1,"chileancraft:doca":11,"minecraft:grass_block":840,"minecraft:jungle_log":63,"minecraft:tall_seagrass":2,"minecraft:iron_ore":28,"minecraft:cobbled_deepslate":18,"minecraft:pumpkin":8,"minecraft:deepslate_lapis_ore":10,"minecraft:cave_vines":4,"minecraft:dirt_path":1,"minecraft:azalea":2,"minecraft:spruce_slab":26,"chileancraft:tronco_de_araucaria":20,"minecraft:brown_mushroom":12,"minecraft:kelp_plant":599,"chileancraft:hojas_de_araucaria":1,"minecraft:smoker":1,"chileancraft:telar_top":1,"minecraft:torch":18,"minecraft:melon":21,"minecraft:chest":6,"chileancraft:remolino":1,"minecraft:cobblestone":24,"minecraft:sugar_cane":34,"chileancraft:taza_de_greda_cocida":1,"minecraft:wall_torch":7,"chileancraft:choclo_8":1,"chileancraft:plato_hondo_de_greda_cocida":2,"chileancraft:tinaja_de_greda_cocida":3,"minecraft:birch_log":6,"minecraft:wheat":54,"minecraft:grass":35,"minecraft:oak_log":57,"minecraft:sand":2313,"minecraft:dirt":951,"chileancraft:chemamull":2,"minecraft:stonecutter":1,"minecraft:oak_leaves":10,"minecraft:deepslate":90,"minecraft:tuff":2,"minecraft:mossy_cobblestone":12,"minecraft:deepslate_diamond_ore":3,"chileancraft:cebolla_4":1,"minecraft:spruce_fence":3,"minecraft:spruce_leaves":47,"minecraft:sandstone":508,"minecraft:kelp":113,"minecraft:moss_block":7,"minecraft:furnace":5,"minecraft:spruce_sapling":10,"minecraft:carrots":23,"minecraft:andesite":115,"chileancraft:diguene":3,"minecraft:bookshelf":12,"minecraft:deepslate_iron_ore":13,"minecraft:vine":12,"minecraft:bamboo":2,"minecraft:stone":3211,"minecraft:podzol":71,"minecraft:flowering_azalea":4,"minecraft:stone_brick_slab":75,"minecraft:spruce_door":19,"minecraft:crafting_table":20,"minecraft:campfire":3,"minecraft:stone_slab":1,"minecraft:copper_ore":21,"minecraft:tall_grass":4,"minecraft:lapis_ore":15,"minecraft:blue_bed":1,"minecraft:diorite":85,"minecraft:coarse_dirt":7,"minecraft:spruce_log":1913,"minecraft:birch_leaves":7,"minecraft:coal_ore":85,"minecraft:cocoa":8,"minecraft:gravel":81,"chileancraft:olla_de_greda_cocida":1,"minecraft:spruce_fence_gate":2,"minecraft:fern":32},"minecraft:killed_by":{"minecraft:drowned":3,"alexsmobs:cachalot_whale":1,"minecraft:zombie":1,"alexsmobs:skelewag":1,"minecraft:enderman":3,"chileancraft:paco":1,"minecraft:skeleton":1,"minecraft:phantom":1,"chileancraft:tue_tue":1},"minecraft:broken":{"minecraft:iron_shovel":3,"minecraft:stone_pickaxe":5,"minecraft:diamond_pickaxe":1,"minecraft:stone_axe":7,"minecraft:stone_shovel":24,"minecraft:iron_axe":1,"minecraft:iron_pickaxe":8},"minecraft:picked_up":{"minecraft:wooden_axe":1,"minecraft:seagrass":10,"minecraft:wheat":67,"minecraft:stone_slab":1,"minecraft:brown_bed":1,"chileancraft:ropa_de_huaso_helmet":6,"minecraft:string":7,"minecraft:raw_copper":138,"minecraft:cooked_salmon":2,"minecraft:iron_leggings":1,"chileancraft:semilla_de_aji_verde":2,"alexsmobs:banana":1,"minecraft:cobbled_deepslate":110,"minecraft:spruce_planks":172,"minecraft:azalea":1,"minecraft:iron_pickaxe":1,"minecraft:melon_slice":225,"minecraft:furnace":5,"minecraft:stick":345,"minecraft:big_dripleaf":3,"minecraft:torch":219,"minecraft:spruce_stairs":1,"minecraft:porkchop":2,"chileancraft:uniforme_paco_chestplate":2,"minecraft:dried_kelp":954,"chileancraft:tronco_de_araucaria":46,"minecraft:diorite":77,"chileancraft:semilla_de_cebolla":4,"minecraft:rotten_flesh":132,"minecraft:tropical_fish":11,"chileancraft:telar_top":2,"minecraft:cod":2,"alexsmobs:lobster_tail":8,"minecraft:cobblestone":3633,"minecraft:nautilus_shell":2,"chileancraft:vino_blanco":1,"minecraft:birch_log":12,"minecraft:feather":3,"minecraft:jungle_log":189,"minecraft:water_bucket":6,"minecraft:andesite":114,"minecraft:smoker":1,"minecraft:potato":22,"chileancraft:kultrun":2,"minecraft:flint":9,"minecraft:tuff":5,"chileancraft:lanza_2":1,"chileancraft:salitre":2,"minecraft:lapis_lazuli":152,"minecraft:dirt":2538,"minecraft:bone":19,"minecraft:stonecutter":1,"minecraft:bow":1,"minecraft:wheat_seeds":145,"chileancraft:semilla_de_uva_red_globe":1,"minecraft:bamboo":57,"minecraft:moss_block":6,"chileancraft:moneda_de_500":6,"minecraft:sand":3027,"chileancraft:olla_de_greda_cocida":2,"minecraft:ink_sac":1,"minecraft:mossy_cobblestone":12,"minecraft:spruce_fence_gate":2,"minecraft:diamond":3,"minecraft:spruce_boat":10,"minecraft:crossbow":2,"minecraft:granite":186,"minecraft:bread":2,"alexsmobs:maggot":2,"minecraft:oak_sapling":27,"minecraft:oak_leaves":1,"minecraft:diamond_pickaxe":2,"chileancraft:taza_de_greda_cocida_item":1,"minecraft:cocoa_beans":54,"minecraft:fishing_rod":3,"minecraft:coarse_dirt":9,"minecraft:charcoal":13,"chileancraft:tinaja_de_greda_cocida":4,"minecraft:crafting_table":26,"minecraft:chicken":21,"minecraft:clay_ball":21,"minecraft:brown_mushroom":24,"minecraft:wooden_pickaxe":1,"chileancraft:semilla_de_tomate_limachino":1,"minecraft:shield":6,"alexsmobs:cooked_catfish":2,"minecraft:moss_carpet":1,"minecraft:iron_axe":1,"minecraft:iron_shovel":1,"chileancraft:chemamull":6,"minecraft:oak_boat":1,"minecraft:jungle_sapling":24,"minecraft:spruce_slab":31,"minecraft:chest":10,"minecraft:sugar_cane":57,"alexsmobs:cooked_lobster_tail":6,"minecraft:birch_sapling":2,"minecraft:phantom_membrane":1,"minecraft:egg":4,"minecraft:sandstone":795,"minecraft:raw_iron":61,"chileancraft:huevo_de_codorniz":2,"minecraft:stone":24,"chileancraft:semilla_de_uva_pais":3,"minecraft:copper_ingot":4,"chileancraft:remolino":5,"minecraft:spruce_fence":6,"minecraft:carrot":166,"minecraft:stone_shovel":10,"minecraft:arrow":31,"minecraft:cooked_cod":2,"chileancraft:uniforme_paco_helmet":2,"chileancraft:telar_down":1,"minecraft:glow_berries":5,"minecraft:mutton":99,"minecraft:white_wool":60,"chileancraft:plato_hondo_de_greda_cocida_item":3,"chileancraft:diguenes":2,"minecraft:salmon":11,"minecraft:leather":4,"minecraft:oak_log":57,"minecraft:gunpowder":4,"minecraft:blue_bed":1,"minecraft:white_banner":1,"minecraft:cooked_mutton":16,"minecraft:apple":1,"minecraft:kelp":1871,"alexsmobs:cockroach_wing_fragment":1,"minecraft:iron_ingot":27,"minecraft:stone_pickaxe":14,"chileancraft:choclo":3,"chileancraft:hacha_mapuche":1,"minecraft:flowering_azalea":4,"minecraft:book":151,"minecraft:pumpkin":24,"minecraft:stone_brick_slab":75,"chileancraft:lanza_lacrimogena":2,"minecraft:gravel":75,"minecraft:spruce_sapling":367,"minecraft:white_bed":3,"minecraft:spruce_log":2095,"chileancraft:semilla_de_choclo":4,"minecraft:spider_eye":3,"minecraft:spruce_door":28,"alexsmobs:raw_catfish":2,"minecraft:stone_axe":18,"chileancraft:doca":20,"chileancraft:ropa_mapuche_0_chestplate":2,"minecraft:gray_wool":1,"minecraft:baked_potato":1,"minecraft:coal":159,"minecraft:ender_pearl":1},"minecraft:used":{"minecraft:iron_shovel":750,"minecraft:spruce_slab":326,"minecraft:chest":42,"minecraft:shield":53,"minecraft:rotten_flesh":44,"minecraft:carrot":57,"minecraft:tuff":2,"minecraft:axolotl_bucket":2,"minecraft:spruce_boat":10,"chileancraft:olla_de_greda_cocida":1,"alexsmobs:lobster_tail":1,"alexsmobs:cooked_lobster_tail":3,"chileancraft:telar_top":1,"minecraft:stone_brick_stairs":18,"minecraft:bow":1,"minecraft:cooked_cod":2,"minecraft:furnace":8,"minecraft:egg":2,"minecraft:potato":6,"minecraft:spruce_door":22,"minecraft:stone_pickaxe":961,"minecraft:ender_pearl":1,"chileancraft:tronco_de_araucaria":7,"minecraft:wooden_pickaxe":26,"minecraft:sandstone":18,"minecraft:blue_bed":1,"minecraft:sugar_cane":12,"minecraft:oak_leaves":1,"minecraft:glow_berries":11,"minecraft:sand":534,"chileancraft:semilla_de_cebolla":3,"minecraft:black_bed":1,"minecraft:melon_slice":26,"minecraft:bread":8,"minecraft:gravel":1,"chileancraft:semilla_de_choclo":2,"minecraft:andesite":9,"minecraft:coarse_dirt":4,"minecraft:bone_meal":27,"minecraft:azalea":1,"minecraft:tropical_fish":5,"minecraft:stone_shovel":3440,"minecraft:dried_kelp":242,"minecraft:spruce_planks":270,"minecraft:cooked_salmon":2,"minecraft:stone_hoe":76,"minecraft:torch":185,"minecraft:dirt":584,"minecraft:spruce_stairs":1,"minecraft:spruce_fence":33,"minecraft:granite":18,"chileancraft:doca":10,"minecraft:stone_brick_slab":321,"alexsmobs:maggot":2,"minecraft:flowering_azalea":4,"minecraft:iron_axe":164,"chileancraft:ropa_de_huaso_helmet":1,"alexsmobs:lobster_bucket":10,"minecraft:cobbled_deepslate":95,"minecraft:iron_leggings":1,"minecraft:wheat_seeds":95,"minecraft:cooked_mutton":1,"minecraft:water_bucket":10,"alexsmobs:cooked_catfish":2,"minecraft:stonecutter":2,"minecraft:spruce_fence_gate":6,"chileancraft:plato_hondo_de_greda_cocida_item":2,"chileancraft:diguenes":4,"minecraft:crafting_table":21,"minecraft:campfire":24,"minecraft:white_bed":3,"minecraft:smoker":4,"minecraft:spruce_log":157,"chileancraft:tinaja_de_greda_cocida":3,"minecraft:diamond_pickaxe":1563,"minecraft:apple":1,"minecraft:iron_pickaxe":2001,"chileancraft:remolino":3,"minecraft:stone_slab":1,"minecraft:spruce_sapling":103,"minecraft:stone_axe":2584,"minecraft:fishing_rod":5,"minecraft:cobblestone":243,"minecraft:bucket":23,"minecraft:kelp":224},"minecraft:dropped":{"minecraft:porkchop":2,"chileancraft:semilla_de_tomate_limachino":1,"minecraft:flint":4,"minecraft:stone_axe":3,"minecraft:iron_nugget":3,"chileancraft:semilla_de_uva_pais":2,"chileancraft:ropa_mapuche_0_chestplate":1,"minecraft:cooked_mutton":7,"minecraft:carrot":11,"chileancraft:salitre":2,"chileancraft:semilla_de_aji_verde":2,"minecraft:wheat_seeds":2,"minecraft:feather":2,"chileancraft:semilla_de_uva_red_globe":1,"minecraft:gray_wool":1,"minecraft:wooden_axe":1,"minecraft:iron_leggings":1,"minecraft:dried_kelp":29,"minecraft:spruce_planks":1,"chileancraft:hacha_mapuche":1},"minecraft:custom":{"minecraft:interact_with_crafting_table":131,"minecraft:leave_game":4,"minecraft:time_since_death":16735,"minecraft:sprint_one_cm":709122,"minecraft:damage_blocked_by_shield":2100,"minecraft:drop":34,"minecraft:talked_to_villager":3,"minecraft:play_time":564120,"minecraft:deaths":13,"minecraft:jump":7035,"minecraft:walk_on_water_one_cm":128810,"minecraft:interact_with_furnace":83,"minecraft:sleep_in_bed":13,"minecraft:damage_dealt":25062,"minecraft:player_kills":1,"minecraft:crouch_one_cm":456881,"minecraft:interact_with_smoker":27,"minecraft:mob_kills":169,"minecraft:interact_with_campfire":993,"minecraft:climb_one_cm":9717,"minecraft:walk_one_cm":1273890,"minecraft:walk_under_water_one_cm":214551,"minecraft:sneak_time":132033,"minecraft:boat_one_cm":488313,"minecraft:total_world_time":564120,"minecraft:interact_with_stonecutter":13,"minecraft:time_since_rest":8445,"minecraft:damage_taken":7398,"minecraft:swim_one_cm":426265,"minecraft:fly_one_cm":1116182,"minecraft:open_chest":362,"minecraft:fall_one_cm":109443},"minecraft:killed":{"alexsmobs:lobster":13,"minecraft:spider":3,"chileancraft:paco":2,"minecraft:cod":2,"minecraft:skeleton":11,"alexsmobs:skelewag":1,"minecraft:parrot":1,"minecraft:pig":1,"minecraft:salmon":12,"chileancraft:codorniz":7,"minecraft:creeper":3,"minecraft:sheep":25,"minecraft:pillager":3,"minecraft:zombie":45,"alexsmobs:fly":1,"alexsmobs:seagull":1,"minecraft:phantom":1,"minecraft:drowned":31,"chileancraft:mapuche_hombre":1,"alexsmobs:catfish":2}},"DataVersion":3120}