{"stats":{"minecraft:broken":{"minecraft:iron_shovel":1,"minecraft:stone_pickaxe":5,"minecraft:stone_axe":7,"minecraft:iron_pickaxe":4,"minecraft:stone_shovel":11},"minecraft:killed":{"alexsmobs:lobster":8,"minecraft:spider":3,"minecraft:cod":2,"alexsmobs:seagull":1,"minecraft:phantom":1,"minecraft:skeleton":2,"minecraft:drowned":25,"minecraft:salmon":12,"minecraft:creeper":2,"minecraft:zombie":27},"minecraft:dropped":{"minecraft:dried_kelp":29,"minecraft:stone_axe":1},"minecraft:killed_by":{"minecraft:enderman":2,"minecraft:drowned":2,"alexsmobs:cachalot_whale":1,"minecraft:skeleton":1,"minecraft:phantom":1,"minecraft:zombie":1},"minecraft:crafted":{"minecraft:stone_shovel":19,"minecraft:furnace":6,"minecraft:stone":166,"minecraft:spruce_fence":33,"minecraft:iron_axe":1,"minecraft:spruce_slab":204,"minecraft:stone_pickaxe":9,"minecraft:chest":39,"minecraft:dried_kelp_block":61,"minecraft:stone_hoe":1,"minecraft:smoker":3,"minecraft:crafting_table":5,"minecraft:spruce_planks":880,"minecraft:dried_kelp":235,"minecraft:wooden_pickaxe":1,"minecraft:spruce_door":3,"minecraft:bucket":1,"minecraft:campfire":11,"minecraft:stone_axe":24,"minecraft:bread":1,"minecraft:air":0,"minecraft:charcoal":30,"minecraft:shield":1,"minecraft:stick":160,"minecraft:stone_slab":6,"minecraft:iron_ingot":16,"minecraft:iron_pickaxe":5,"minecraft:iron_shovel":1,"minecraft:sandstone":7,"minecraft:stonecutter":1,"minecraft:spruce_fence_gate":4,"minecraft:torch":144},"minecraft:mined":{"minecraft:spruce_planks":23,"minecraft:mossy_cobblestone":12,"minecraft:granite":136,"minecraft:spruce_fence":3,"minecraft:grass_block":424,"minecraft:spruce_leaves":47,"minecraft:sandstone":9,"minecraft:kelp":90,"minecraft:tall_seagrass":1,"minecraft:spruce_sapling":10,"minecraft:furnace":4,"minecraft:iron_ore":16,"minecraft:andesite":29,"minecraft:dirt_path":1,"minecraft:stone":1544,"minecraft:spruce_slab":8,"minecraft:podzol":36,"minecraft:brown_mushroom":4,"minecraft:kelp_plant":347,"minecraft:smoker":1,"minecraft:stone_brick_slab":8,"minecraft:spruce_door":19,"minecraft:crafting_table":10,"minecraft:torch":10,"minecraft:chest":4,"minecraft:campfire":2,"minecraft:stone_slab":1,"minecraft:copper_ore":7,"minecraft:cobblestone":8,"minecraft:lapis_ore":6,"minecraft:sugar_cane":34,"minecraft:diorite":83,"minecraft:wall_torch":6,"minecraft:coarse_dirt":7,"minecraft:wheat":4,"minecraft:spruce_log":1376,"minecraft:grass":14,"minecraft:coal_ore":54,"minecraft:oak_log":25,"minecraft:gravel":71,"minecraft:sand":1034,"minecraft:dirt":388,"minecraft:stonecutter":1,"minecraft:spruce_fence_gate":2,"minecraft:oak_leaves":4,"minecraft:fern":24},"minecraft:custom":{"minecraft:mob_kills":86,"minecraft:interact_with_crafting_table":95,"minecraft:interact_with_campfire":520,"minecraft:leave_game":3,"minecraft:time_since_death":20903,"minecraft:sprint_one_cm":333283,"minecraft:walk_one_cm":671382,"minecraft:damage_blocked_by_shield":450,"minecraft:drop":3,"minecraft:play_time":281946,"minecraft:deaths":8,"minecraft:sneak_time":52901,"minecraft:walk_under_water_one_cm":166288,"minecraft:jump":2825,"minecraft:walk_on_water_one_cm":85984,"minecraft:total_world_time":281946,"minecraft:interact_with_furnace":67,"minecraft:interact_with_stonecutter":12,"minecraft:time_since_rest":20932,"minecraft:damage_taken":4290,"minecraft:damage_dealt":13682,"minecraft:fly_one_cm":375054,"minecraft:swim_one_cm":315402,"minecraft:player_kills":1,"minecraft:open_chest":175,"minecraft:crouch_one_cm":163982,"minecraft:interact_with_smoker":10,"minecraft:fall_one_cm":20077},"minecraft:used":{"minecraft:iron_shovel":250,"minecraft:spruce_slab":201,"minecraft:stone_shovel":1658,"minecraft:dried_kelp":128,"minecraft:spruce_planks":209,"minecraft:chest":42,"minecraft:shield":9,"minecraft:cooked_salmon":2,"minecraft:stone_hoe":8,"minecraft:rotten_flesh":35,"minecraft:torch":111,"minecraft:dirt":113,"minecraft:spruce_stairs":1,"minecraft:spruce_fence":33,"minecraft:granite":12,"minecraft:stone_brick_slab":213,"minecraft:iron_axe":88,"alexsmobs:cooked_lobster_tail":2,"minecraft:stone_brick_stairs":18,"alexsmobs:lobster_bucket":10,"minecraft:furnace":7,"minecraft:cooked_cod":2,"minecraft:egg":2,"minecraft:wheat_seeds":11,"minecraft:water_bucket":7,"minecraft:spruce_door":20,"minecraft:stone_pickaxe":704,"minecraft:ender_pearl":1,"minecraft:wooden_pickaxe":26,"minecraft:sandstone":13,"minecraft:stonecutter":2,"minecraft:sugar_cane":12,"minecraft:spruce_fence_gate":6,"minecraft:sand":340,"minecraft:crafting_table":11,"minecraft:campfire":11,"minecraft:smoker":4,"minecraft:spruce_log":106,"minecraft:apple":1,"minecraft:bread":1,"minecraft:iron_pickaxe":1193,"minecraft:stone_slab":1,"minecraft:spruce_sapling":87,"minecraft:stone_axe":1650,"minecraft:cobblestone":201,"minecraft:bucket":18,"minecraft:coarse_dirt":4,"minecraft:kelp":223},"minecraft:picked_up":{"minecraft:fishing_rod":3,"minecraft:charcoal":11,"minecraft:seagrass":10,"minecraft:coarse_dirt":9,"minecraft:crafting_table":11,"minecraft:wheat":20,"minecraft:stone_slab":1,"minecraft:brown_mushroom":8,"minecraft:wooden_pickaxe":1,"minecraft:shield":1,"minecraft:iron_axe":1,"minecraft:string":2,"minecraft:raw_copper":48,"minecraft:cooked_salmon":2,"minecraft:iron_shovel":1,"minecraft:spruce_planks":115,"minecraft:iron_pickaxe":1,"minecraft:spruce_slab":12,"minecraft:chest":4,"minecraft:sugar_cane":57,"alexsmobs:cooked_lobster_tail":3,"minecraft:phantom_membrane":1,"minecraft:furnace":4,"minecraft:egg":4,"minecraft:stick":223,"minecraft:raw_iron":16,"minecraft:sandstone":10,"minecraft:stone":24,"minecraft:copper_ingot":1,"minecraft:torch":46,"minecraft:spruce_stairs":1,"minecraft:spruce_fence":6,"minecraft:dried_kelp":485,"minecraft:diorite":75,"chileancraft:semilla_de_cebolla":3,"minecraft:rotten_flesh":72,"minecraft:arrow":9,"minecraft:stone_shovel":5,"minecraft:cooked_cod":2,"minecraft:cod":2,"alexsmobs:lobster_tail":4,"minecraft:cobblestone":1687,"minecraft:nautilus_shell":2,"minecraft:water_bucket":1,"minecraft:salmon":11,"minecraft:andesite":29,"minecraft:smoker":1,"minecraft:flint":5,"minecraft:oak_log":25,"minecraft:gunpowder":2,"minecraft:lapis_lazuli":39,"minecraft:dirt":1380,"minecraft:bone":7,"minecraft:apple":1,"minecraft:kelp":1110,"minecraft:stonecutter":1,"minecraft:wheat_seeds":17,"minecraft:stone_pickaxe":8,"minecraft:iron_ingot":27,"minecraft:stone_brick_slab":10,"minecraft:gravel":67,"minecraft:sand":1363,"minecraft:spruce_sapling":325,"minecraft:spruce_log":1436,"chileancraft:semilla_de_choclo":3,"minecraft:spider_eye":3,"minecraft:spruce_door":23,"minecraft:mossy_cobblestone":12,"minecraft:spruce_fence_gate":2,"minecraft:stone_axe":8,"minecraft:granite":131,"minecraft:oak_sapling":9,"minecraft:coal":89,"minecraft:ender_pearl":1}},"DataVersion":3120}