{"stats":{"minecraft:killed":{"alexsmobs:lobster":14,"minecraft:cave_spider":3,"minecraft:witch":1,"minecraft:spider":37,"alexsmobs:murmur":1,"chileancraft:paco":2,"minecraft:cod":2,"minecraft:skeleton":63,"minecraft:chicken":25,"alexsmobs:centipede_head":1,"alexsmobs:skelewag":2,"minecraft:turtle":1,"minecraft:tropical_fish":1,"minecraft:parrot":1,"minecraft:pig":5,"chileancraft:reineta":2,"minecraft:salmon":12,"chileancraft:macha":6,"chileancraft:codorniz":7,"minecraft:creeper":23,"minecraft:sheep":70,"minecraft:trader_llama":4,"minecraft:pillager":5,"minecraft:zombie":148,"alexsmobs:terrapin":1,"alexsmobs:roadrunner":2,"alexsmobs:fly":2,"minecraft:cow":14,"alexsmobs:raccoon":1,"alexsmobs:seagull":2,"minecraft:slime":31,"alexsmobs:rattlesnake":3,"minecraft:phantom":1,"minecraft:horse":15,"alexsmobs:bison":4,"minecraft:drowned":61,"chileancraft:mapuche_hombre":1,"alexsmobs:flying_fish":3,"minecraft:wandering_trader":2,"minecraft:squid":10,"alexsmobs:catfish":2,"alexsmobs:crocodile":1,"chileancraft:jaiba":6,"minecraft:enderman":1},"minecraft:killed_by":{"minecraft:creeper":3,"minecraft:drowned":3,"alexsmobs:cachalot_whale":1,"minecraft:zombie":3,"alexsmobs:skelewag":1,"minecraft:enderman":3,"chileancraft:paco":1,"alexsmobs:centipede_head":1,"minecraft:skeleton":5,"minecraft:phantom":2,"chileancraft:tue_tue":1},"minecraft:mined":{"minecraft:spruce_planks":93,"chileancraft:mena_desalitre":1,"minecraft:white_bed":3,"minecraft:cobblestone_stairs":10,"minecraft:jungle_leaves":7,"minecraft:carved_pumpkin":2,"minecraft:cave_vines_plant":3,"minecraft:granite":225,"chileancraft:doca":13,"minecraft:grass_block":1411,"minecraft:jungle_log":83,"minecraft:oxeye_daisy":1,"minecraft:spawner":2,"minecraft:tall_seagrass":2,"chileancraft:tuna_17":6,"minecraft:iron_ore":107,"minecraft:cobbled_deepslate":45,"minecraft:pumpkin":8,"minecraft:deepslate_lapis_ore":19,"minecraft:azure_bluet":1,"minecraft:cave_vines":5,"minecraft:dirt_path":1,"cfm:stripped_birch_chair":5,"minecraft:azalea":2,"minecraft:spruce_slab":43,"minecraft:deepslate_redstone_ore":25,"chileancraft:tronco_de_araucaria":21,"minecraft:brown_mushroom":13,"minecraft:kelp_plant":599,"chileancraft:hojas_de_araucaria":1,"minecraft:smoker":1,"chileancraft:telar_top":1,"minecraft:amethyst_cluster":6,"minecraft:clay":18,"minecraft:torch":133,"minecraft:melon":21,"minecraft:poppy":11,"minecraft:chest":9,"minecraft:dead_bush":7,"chileancraft:remolino":2,"minecraft:cobblestone":78,"minecraft:oak_planks":7,"minecraft:sugar_cane":59,"chileancraft:taza_de_greda_cocida":1,"minecraft:wall_torch":21,"minecraft:amethyst_block":2,"minecraft:deepslate_copper_ore":2,"chileancraft:choclo_8":2,"chileancraft:plato_hondo_de_greda_cocida":4,"chileancraft:tinaja_de_greda_cocida":3,"minecraft:birch_log":6,"minecraft:wheat":201,"minecraft:lilac":7,"minecraft:black_bed":1,"minecraft:grass":68,"minecraft:oak_log":79,"minecraft:sand":4395,"minecraft:dirt":1651,"minecraft:smooth_basalt":8,"chileancraft:chemamull":3,"minecraft:stonecutter":1,"minecraft:oak_leaves":34,"minecraft:deepslate":299,"minecraft:tuff":11,"chileancraft:cebolla_5":1,"travelersbackpack:lapis":2,"minecraft:deepslate_diamond_ore":25,"minecraft:mossy_cobblestone":12,"cfm:stripped_oak_table":1,"chileancraft:cebolla_4":1,"minecraft:spruce_fence":3,"chileancraft:bloque_de_paja":1,"minecraft:kelp":115,"minecraft:spruce_leaves":66,"minecraft:sandstone":1150,"minecraft:moss_block":33,"minecraft:large_fern":2,"minecraft:hay_block":3,"minecraft:spruce_sapling":10,"minecraft:furnace":11,"minecraft:carrots":231,"minecraft:andesite":324,"minecraft:stripped_spruce_log":2,"chileancraft:diguene":4,"minecraft:bookshelf":12,"minecraft:potatoes":243,"minecraft:cobblestone_slab":5,"minecraft:deepslate_iron_ore":126,"minecraft:vine":16,"minecraft:bamboo":2,"minecraft:stone":5249,"minecraft:podzol":78,"minecraft:flowering_azalea":4,"minecraft:stone_brick_slab":81,"minecraft:dandelion":13,"minecraft:spruce_door":40,"travelersbackpack:standard":2,"minecraft:crafting_table":34,"minecraft:cornflower":7,"minecraft:campfire":3,"minecraft:stone_slab":1,"minecraft:copper_ore":63,"minecraft:tall_grass":11,"minecraft:lapis_ore":15,"minecraft:deepslate_gold_ore":17,"chileancraft:cardo":4,"minecraft:lily_pad":4,"minecraft:diorite":98,"minecraft:blue_bed":1,"minecraft:spruce_stairs":1,"minecraft:cactus":32,"minecraft:coarse_dirt":14,"minecraft:cobblestone_wall":25,"minecraft:sweet_berry_bush":6,"minecraft:spruce_log":2150,"minecraft:birch_leaves":7,"minecraft:coal_ore":286,"minecraft:cocoa":8,"minecraft:gravel":514,"minecraft:cobweb":79,"chileancraft:olla_de_greda_cocida":2,"minecraft:spruce_fence_gate":5,"minecraft:fern":35},"minecraft:picked_up":{"minecraft:wooden_axe":1,"minecraft:seagrass":10,"minecraft:wheat":186,"minecraft:lead":8,"minecraft:stone_slab":1,"minecraft:brown_bed":1,"minecraft:potion":1,"minecraft:amethyst_block":2,"chileancraft:ropa_de_huaso_helmet":6,"chileancraft:curanto":1,"minecraft:string":139,"minecraft:raw_copper":284,"minecraft:cooked_salmon":2,"minecraft:iron_leggings":1,"minecraft:pufferfish":1,"chileancraft:semilla_de_aji_verde":2,"alexsmobs:banana":1,"minecraft:cobbled_deepslate":411,"minecraft:spruce_planks":244,"minecraft:cobblestone_slab":5,"minecraft:azalea":1,"chileancraft:merluza_cruda":2,"minecraft:iron_pickaxe":7,"minecraft:melon_slice":225,"minecraft:furnace":12,"minecraft:stick":405,"minecraft:big_dripleaf":3,"minecraft:torch":552,"minecraft:spruce_stairs":2,"chileancraft:jaiva_cruda":6,"minecraft:porkchop":16,"chileancraft:uniforme_paco_chestplate":2,"minecraft:dried_kelp":954,"chileancraft:tronco_de_araucaria":47,"minecraft:diorite":91,"chileancraft:semilla_de_cebolla":5,"minecraft:stone_sword":2,"minecraft:cactus":32,"minecraft:rotten_flesh":335,"minecraft:tropical_fish":21,"chileancraft:telar_top":2,"minecraft:carved_pumpkin":2,"minecraft:obsidian":5,"alexsmobs:lobster_tail":9,"minecraft:cod":13,"alexsmobs:flying_fish":2,"minecraft:cobblestone":5754,"chileancraft:vino_blanco":1,"minecraft:nautilus_shell":4,"minecraft:birch_log":12,"minecraft:feather":32,"minecraft:lilac":6,"minecraft:andesite":322,"minecraft:water_bucket":9,"minecraft:jungle_log":209,"minecraft:black_bed":1,"minecraft:golden_leggings":1,"minecraft:smoker":1,"minecraft:potato":811,"alexsmobs:bison_fur":4,"chileancraft:kultrun":2,"minecraft:flint":51,"minecraft:tuff":18,"chileancraft:lanza_2":7,"chileancraft:salitre":2,"travelersbackpack:gold_tier_upgrade":2,"minecraft:lapis_lazuli":211,"minecraft:dirt":3810,"chileancraft:cordel":1,"chileancraft:traje_de_huaso_de_salon_helmet":2,"minecraft:bone":90,"minecraft:stonecutter":1,"minecraft:bow":18,"minecraft:wheat_seeds":484,"minecraft:raw_gold":17,"chileancraft:semilla_de_uva_red_globe":3,"minecraft:bamboo":57,"minecraft:glowstone_dust":2,"minecraft:moss_block":38,"chileancraft:tuna_0":18,"minecraft:oak_planks":14,"chileancraft:moneda_de_500":6,"chileancraft:bloque_de_paja":1,"minecraft:poisonous_potato":6,"minecraft:sand":5188,"minecraft:stripped_spruce_log":2,"chileancraft:olla_de_greda_cocida":3,"minecraft:ink_sac":27,"minecraft:mossy_cobblestone":12,"minecraft:spruce_fence_gate":5,"alexsmobs:kangaroo_hide":1,"minecraft:clay":1,"minecraft:diamond":25,"minecraft:spruce_boat":15,"alexsmobs:rattlesnake_rattle":2,"minecraft:crossbow":3,"minecraft:granite":219,"minecraft:bread":2,"alexsmobs:maggot":3,"minecraft:oak_sapling":36,"minecraft:oak_leaves":1,"minecraft:diamond_pickaxe":2,"chileancraft:taza_de_greda_cocida_item":1,"minecraft:charcoal":33,"minecraft:fishing_rod":3,"chileancraft:tinaja_de_greda_cocida":4,"minecraft:cocoa_beans":54,"minecraft:crafting_table":41,"minecraft:coarse_dirt":19,"minecraft:azure_bluet":2,"minecraft:chicken":53,"minecraft:clay_ball":97,"minecraft:chest_minecart":5,"minecraft:brown_mushroom":25,"minecraft:wooden_pickaxe":1,"minecraft:pink_wool":1,"chileancraft:semilla_de_tomate_limachino":2,"minecraft:shield":11,"minecraft:cornflower":14,"alexsmobs:cooked_catfish":2,"minecraft:moss_carpet":5,"minecraft:iron_axe":4,"minecraft:iron_shovel":2,"chileancraft:chemamull":6,"chileancraft:cebolla":1,"travelersbackpack:lapis":2,"chileancraft:armadura_de_cobre_helmet":1,"minecraft:beef":89,"minecraft:oak_boat":1,"minecraft:jungle_sapling":27,"minecraft:poppy":10,"minecraft:light_gray_wool":4,"minecraft:spruce_slab":49,"minecraft:sugar_cane":103,"minecraft:chest":13,"alexsmobs:cooked_lobster_tail":7,"minecraft:birch_sapling":2,"minecraft:phantom_membrane":1,"minecraft:egg":23,"chileancraft:huevo_de_codorniz":2,"minecraft:raw_iron":261,"minecraft:sandstone":1435,"minecraft:stone":24,"chileancraft:semilla_de_uva_pais":3,"minecraft:copper_ingot":10,"chileancraft:remolino":6,"minecraft:spruce_fence":7,"chileancraft:macha_cruda":6,"chileancraft:tuna":30,"minecraft:trident":1,"minecraft:carrot":979,"minecraft:redstone":107,"alexsmobs:crocodile_scute":2,"minecraft:arrow":242,"minecraft:stone_shovel":13,"minecraft:cooked_cod":2,"minecraft:shears":1,"chileancraft:uniforme_paco_helmet":2,"minecraft:hay_block":3,"minecraft:saddle":1,"chileancraft:telar_down":1,"minecraft:gold_ingot":2,"minecraft:black_banner":1,"minecraft:glow_berries":5,"minecraft:mutton":175,"alexsmobs:kangaroo_meat":1,"minecraft:white_wool":102,"minecraft:oxeye_daisy":1,"chileancraft:plato_hondo_de_greda_cocida_item":5,"minecraft:jungle_boat":3,"chileancraft:diguenes":3,"chileancraft:armadura_de_cobre_leggings":1,"minecraft:glow_ink_sac":2,"minecraft:tripwire_hook":2,"minecraft:salmon":14,"minecraft:leather":44,"minecraft:oak_log":79,"minecraft:lily_pad":4,"minecraft:cobblestone_wall":24,"cfm:stripped_birch_chair":6,"minecraft:gunpowder":39,"minecraft:cobblestone_stairs":10,"minecraft:blue_bed":1,"minecraft:white_banner":2,"cfm:stripped_oak_table":3,"minecraft:cooked_mutton":16,"minecraft:apple":3,"minecraft:kelp":1874,"alexsmobs:cockroach_wing_fragment":2,"minecraft:iron_ingot":35,"minecraft:stone_pickaxe":15,"chileancraft:choclo":8,"chileancraft:hacha_mapuche":1,"minecraft:flowering_azalea":4,"minecraft:book":151,"minecraft:smooth_basalt":5,"alexsmobs:fish_bones":1,"minecraft:pumpkin":24,"minecraft:sweet_berries":14,"minecraft:stone_brick_slab":84,"chileancraft:lanza_lacrimogena":2,"minecraft:dandelion":12,"minecraft:gravel":596,"minecraft:lava_bucket":1,"minecraft:amethyst_shard":24,"chileancraft:cardo":8,"minecraft:spruce_sapling":423,"minecraft:white_bed":4,"minecraft:spruce_log":2327,"chileancraft:semilla_de_choclo":5,"minecraft:spider_eye":25,"minecraft:spruce_door":52,"travelersbackpack:standard":2,"alexsmobs:raw_catfish":2,"minecraft:pumpkin_seeds":4,"minecraft:slime_ball":42,"minecraft:stone_axe":26,"chileancraft:doca":22,"chileancraft:ropa_mapuche_0_chestplate":2,"minecraft:gray_wool":2,"minecraft:baked_potato":110,"chileancraft:manzanilla":3,"minecraft:black_wool":5,"chileancraft:armadura_de_cobre_chestplate":1,"minecraft:coal":361,"minecraft:ender_pearl":1},"minecraft:crafted":{"minecraft:black_dye":3,"chileancraft:armadura_de_cobre_chestplate":1,"minecraft:smooth_stone":9,"minecraft:oak_planks":52,"travelersbackpack:iron":1,"alexsmobs:animal_dictionary":1,"chileancraft:ropa_de_huaso_helmet":1,"travelersbackpack:crafting_upgrade":1,"minecraft:cooked_chicken":7,"chileancraft:armadura_de_cobre_boots":1,"minecraft:stone":444,"minecraft:green_dye":2,"chileancraft:paja":10,"minecraft:glass":64,"chileancraft:pico_de_cobre":9,"minecraft:bow":7,"chileancraft:armadura_de_cobre_leggings":1,"minecraft:chest":70,"minecraft:dried_kelp_block":135,"minecraft:black_wool":2,"minecraft:stone_hoe":1,"minecraft:smoker":3,"travelersbackpack:iron_tier_upgrade":1,"minecraft:arrow":132,"minecraft:crafting_table":6,"minecraft:spruce_planks":1640,"travelersbackpack:lapis":4,"minecraft:jungle_boat":1,"travelersbackpack:standard":2,"minecraft:wooden_pickaxe":1,"minecraft:baked_potato":128,"minecraft:spruce_door":6,"minecraft:smithing_table":1,"minecraft:copper_ingot":220,"travelersbackpack:blue_sleeping_bag":1,"minecraft:campfire":24,"minecraft:diamond_pickaxe":2,"minecraft:charcoal":104,"minecraft:shield":9,"minecraft:stick":624,"minecraft:stone_slab":6,"minecraft:iron_ingot":214,"minecraft:iron_pickaxe":15,"chileancraft:tablones_de_araucaria":4,"minecraft:stone_sword":3,"chileancraft:moneda_de_50":295,"cfm:spruce_desk_cabinet":2,"minecraft:gold_ingot":3,"minecraft:sandstone":8,"minecraft:black_bed":1,"minecraft:spruce_fence_gate":15,"minecraft:shears":1,"chileancraft:copper_nugget":369,"minecraft:stone_shovel":42,"minecraft:furnace":11,"minecraft:blast_furnace":3,"minecraft:bone_meal":42,"minecraft:spruce_fence":39,"chileancraft:armadura_de_cobre_helmet":1,"travelersbackpack:blank_upgrade":4,"travelersbackpack:gold_tier_upgrade":1,"travelersbackpack:white_sleeping_bag":1,"chileancraft:traje_de_huaso_de_salon_helmet":1,"minecraft:iron_axe":2,"minecraft:spruce_slab":420,"minecraft:stone_pickaxe":22,"minecraft:spruce_boat":2,"minecraft:lead":2,"chileancraft:moneda_de_500":40,"travelersbackpack:backpack_tank":4,"minecraft:dried_kelp":549,"minecraft:blue_bed":1,"chileancraft:moneda_de_10":1476,"minecraft:bucket":2,"minecraft:stone_axe":53,"minecraft:bread":8,"minecraft:air":0,"minecraft:jungle_planks":8,"cfm:spruce_chair":4,"minecraft:blue_dye":3,"minecraft:white_dye":1,"chileancraft:pala_de_cobre":10,"chileancraft:mil_pesos":14,"minecraft:iron_shovel":7,"minecraft:stonecutter":1,"minecraft:white_bed":2,"chileancraft:moneda_de_100":182,"minecraft:torch":752,"chileancraft:hacha_de_cobre":2,"minecraft:lapis_block":4,"minecraft:clay":3},"minecraft:dropped":{"minecraft:clay":1,"minecraft:moss_block":1,"minecraft:porkchop":11,"minecraft:baked_potato":1,"chileancraft:semilla_de_tomate_limachino":2,"minecraft:leather":9,"chileancraft:cordel":1,"minecraft:flint":4,"minecraft:dirt":2,"minecraft:iron_pickaxe":3,"minecraft:stone_axe":9,"minecraft:iron_nugget":3,"minecraft:detector_rail":1,"chileancraft:semilla_de_uva_pais":2,"minecraft:rotten_flesh":8,"chileancraft:ropa_mapuche_0_chestplate":1,"minecraft:cooked_mutton":7,"minecraft:carrot":30,"chileancraft:salitre":2,"chileancraft:semilla_de_aji_verde":2,"minecraft:beef":7,"minecraft:egg":3,"minecraft:wheat_seeds":3,"minecraft:feather":2,"minecraft:lead":2,"minecraft:apple":1,"minecraft:activator_rail":2,"chileancraft:semilla_de_uva_red_globe":2,"chileancraft:curanto":1,"minecraft:gray_wool":1,"minecraft:diorite":1,"minecraft:ink_sac":8,"minecraft:torch":19,"minecraft:wooden_axe":1,"minecraft:iron_leggings":1,"minecraft:dried_kelp":29,"minecraft:spruce_sapling":1,"minecraft:kelp":1,"minecraft:coarse_dirt":7,"minecraft:stone_shovel":1,"minecraft:chicken":5,"minecraft:spruce_fence":1,"minecraft:pumpkin_seeds":9,"chileancraft:chocman":1,"chileancraft:macha_cruda":2,"minecraft:spruce_planks":1,"minecraft:oak_sapling":3,"minecraft:spider_eye":13,"chileancraft:hacha_mapuche":1},"minecraft:custom":{"minecraft:interact_with_crafting_table":239,"minecraft:open_barrel":1,"minecraft:leave_game":15,"minecraft:time_since_death":336358,"minecraft:sprint_one_cm":2513514,"minecraft:damage_blocked_by_shield":11680,"minecraft:drop":114,"minecraft:talked_to_villager":28,"minecraft:play_time":1524776,"minecraft:deaths":24,"minecraft:jump":23264,"minecraft:walk_on_water_one_cm":345316,"minecraft:enchant_item":1,"minecraft:interact_with_furnace":180,"minecraft:sleep_in_bed":26,"minecraft:damage_dealt":84520,"minecraft:player_kills":1,"minecraft:crouch_one_cm":918218,"minecraft:interact_with_smoker":48,"minecraft:horse_one_cm":90199,"minecraft:interact_with_smithing_table":5,"minecraft:mob_kills":629,"minecraft:interact_with_campfire":1029,"minecraft:climb_one_cm":55457,"minecraft:walk_one_cm":3561527,"minecraft:sneak_time":276546,"minecraft:walk_under_water_one_cm":398919,"minecraft:boat_one_cm":626659,"minecraft:interact_with_blast_furnace":47,"minecraft:total_world_time":1524776,"minecraft:interact_with_stonecutter":27,"minecraft:time_since_rest":31543,"minecraft:damage_taken":20164,"minecraft:swim_one_cm":958154,"minecraft:fly_one_cm":4145234,"minecraft:open_chest":1050,"minecraft:fish_caught":15,"minecraft:fall_one_cm":404597},"minecraft:used":{"minecraft:moss_block":11,"minecraft:iron_shovel":1751,"travelersbackpack:lapis":10,"minecraft:spruce_slab":384,"minecraft:shield":239,"minecraft:chest":72,"minecraft:rotten_flesh":46,"minecraft:carrot":707,"travelersbackpack:iron":7,"minecraft:tuff":8,"minecraft:axolotl_bucket":2,"minecraft:spruce_boat":11,"minecraft:jungle_sapling":3,"chileancraft:olla_de_greda_cocida":3,"minecraft:lava_bucket":4,"alexsmobs:lobster_tail":1,"alexsmobs:cooked_lobster_tail":4,"cfm:spruce_desk_cabinet":2,"chileancraft:telar_top":1,"minecraft:stone_brick_stairs":18,"chileancraft:pala_de_cobre":1634,"minecraft:bow":147,"minecraft:oak_sapling":6,"minecraft:hay_block":3,"minecraft:cooked_cod":2,"minecraft:furnace":14,"minecraft:egg":4,"minecraft:potato":268,"minecraft:cactus":16,"minecraft:oak_planks":31,"minecraft:diorite":3,"minecraft:stone_pickaxe":1781,"minecraft:sandstone":262,"minecraft:spruce_door":43,"minecraft:ender_pearl":1,"chileancraft:tronco_de_araucaria":7,"minecraft:wooden_pickaxe":26,"minecraft:clay":3,"minecraft:sugar_cane":20,"minecraft:blue_bed":1,"minecraft:jungle_boat":3,"minecraft:oak_leaves":1,"minecraft:glow_berries":21,"minecraft:sand":1215,"minecraft:blast_furnace":3,"chileancraft:semilla_de_cebolla":3,"minecraft:black_bed":2,"minecraft:shears":1,"alexsmobs:terrapin_bucket":3,"chileancraft:hacha_de_cobre":215,"minecraft:melon_slice":26,"minecraft:bread":9,"chileancraft:pico_de_cobre":1712,"minecraft:gravel":491,"minecraft:lilac":4,"chileancraft:semilla_de_choclo":2,"minecraft:smithing_table":1,"minecraft:andesite":14,"minecraft:coarse_dirt":7,"minecraft:bone_meal":41,"minecraft:azalea":1,"minecraft:tropical_fish":15,"minecraft:stone_sword":90,"cfm:stripped_birch_chair":5,"minecraft:carved_pumpkin":2,"minecraft:stone_shovel":4543,"minecraft:dried_kelp":242,"minecraft:spruce_planks":402,"minecraft:cooked_salmon":2,"minecraft:stone_hoe":76,"minecraft:torch":825,"minecraft:dirt":921,"minecraft:spruce_stairs":2,"minecraft:cobblestone_wall":664,"minecraft:granite":21,"minecraft:spruce_fence":33,"chileancraft:doca":12,"minecraft:stone_brick_slab":430,"alexsmobs:maggot":3,"minecraft:flowering_azalea":4,"minecraft:iron_axe":318,"chileancraft:ropa_de_huaso_helmet":1,"chileancraft:bloque_de_paja":1,"minecraft:smooth_basalt":5,"chileancraft:chemamull":2,"alexsmobs:lobster_bucket":25,"minecraft:cobbled_deepslate":229,"minecraft:pumpkin":1,"minecraft:iron_leggings":1,"minecraft:wheat_seeds":226,"minecraft:cooked_mutton":1,"alexsmobs:cooked_catfish":2,"minecraft:water_bucket":31,"minecraft:amethyst_block":1,"minecraft:cobblestone_stairs":128,"minecraft:baked_potato":103,"minecraft:cobblestone_slab":24,"minecraft:brown_mushroom":1,"chileancraft:chocman":1,"minecraft:spruce_fence_gate":20,"minecraft:stonecutter":2,"chileancraft:plato_hondo_de_greda_cocida_item":5,"cfm:spruce_chair":2,"chileancraft:diguenes":7,"minecraft:crafting_table":35,"minecraft:white_bed":4,"minecraft:campfire":24,"minecraft:spruce_log":217,"chileancraft:tinaja_de_greda_cocida":3,"minecraft:smoker":4,"minecraft:cornflower":4,"minecraft:diamond_pickaxe":1563,"minecraft:apple":1,"chileancraft:tablones_de_araucaria":4,"minecraft:iron_pickaxe":3330,"chileancraft:remolino":5,"minecraft:stone_slab":1,"minecraft:spruce_sapling":107,"minecraft:stone_axe":3491,"cfm:stripped_oak_table":3,"minecraft:fishing_rod":36,"minecraft:cobblestone":1099,"travelersbackpack:standard":10,"minecraft:bucket":83,"alexsmobs:animal_dictionary":3,"minecraft:kelp":224},"minecraft:broken":{"minecraft:iron_shovel":7,"chileancraft:uniforme_paco_helmet":1,"minecraft:golden_leggings":1,"minecraft:stone_pickaxe":11,"minecraft:diamond_pickaxe":1,"minecraft:stone_axe":13,"minecraft:stone_shovel":31,"chileancraft:hacha_de_cobre":1,"chileancraft:uniforme_paco_chestplate":1,"minecraft:stone_sword":1,"chileancraft:pico_de_cobre":8,"minecraft:shield":3,"minecraft:iron_axe":2,"minecraft:iron_pickaxe":12,"chileancraft:pala_de_cobre":8}},"DataVersion":3120}