{"stats":{"minecraft:killed":{"minecraft:pig":1,"minecraft:spider":1,"minecraft:skeleton":1},"minecraft:dropped":{"minecraft:iron_ingot":2,"minecraft:iron_sword":3,"minecraft:crafting_table":3,"minecraft:cobblestone":8,"minecraft:apple":1,"minecraft:coal":2,"minecraft:dirt":1,"minecraft:iron_pickaxe":3,"minecraft:birch_log":1},"minecraft:killed_by":{"minecraft:player":1},"minecraft:used":{"minecraft:diorite":8,"minecraft:spruce_door":1,"minecraft:stone_pickaxe":262,"minecraft:chest":1,"minecraft:wooden_pickaxe":39,"minecraft:iron_sword":33,"minecraft:wooden_shovel":9,"minecraft:iron_chestplate":1,"minecraft:torch":12,"minecraft:dirt":39,"minecraft:crafting_table":4,"minecraft:granite":2,"minecraft:spruce_log":1,"minecraft:wooden_axe":64,"minecraft:apple":2,"minecraft:iron_axe":67,"minecraft:iron_pickaxe":410,"minecraft:cobblestone":123,"minecraft:furnace":1,"minecraft:cooked_porkchop":1,"alexsmobs:animal_dictionary":5,"minecraft:egg":1},"minecraft:custom":{"minecraft:interact_with_furnace":11,"minecraft:mob_kills":3,"minecraft:interact_with_crafting_table":18,"minecraft:open_barrel":1,"minecraft:leave_game":1,"minecraft:time_since_death":101044,"minecraft:climb_one_cm":1033,"minecraft:time_since_rest":101077,"minecraft:sprint_one_cm":17959,"minecraft:damage_taken":401,"minecraft:walk_one_cm":407687,"minecraft:drop":24,"minecraft:damage_dealt":402,"minecraft:swim_one_cm":1073,"minecraft:fly_one_cm":3037,"minecraft:open_chest":7,"minecraft:crouch_one_cm":4190,"minecraft:play_time":103825,"minecraft:deaths":1,"minecraft:sneak_time":2821,"minecraft:walk_under_water_one_cm":11280,"minecraft:jump":863,"minecraft:walk_on_water_one_cm":23089,"minecraft:total_world_time":103825,"minecraft:fall_one_cm":4254},"minecraft:mined":{"minecraft:brown_mushroom":2,"minecraft:crafting_table":2,"minecraft:granite":25,"minecraft:grass_block":9,"minecraft:copper_ore":11,"minecraft:cobblestone":28,"minecraft:spruce_leaves":23,"minecraft:sugar_cane":4,"minecraft:diorite":24,"minecraft:birch_log":5,"minecraft:iron_ore":20,"minecraft:spruce_log":75,"minecraft:andesite":39,"minecraft:grass":69,"minecraft:oak_log":49,"minecraft:coal_ore":46,"minecraft:dirt_path":1,"minecraft:gravel":19,"minecraft:dirt":25,"minecraft:stone":451,"minecraft:oak_leaves":4,"minecraft:fern":1},"minecraft:picked_up":{"minecraft:birch_log":6,"minecraft:crafting_table":5,"chileancraft:semilla_de_uva_moscatel":1,"minecraft:andesite":38,"minecraft:brown_mushroom":2,"minecraft:oak_log":42,"chileancraft:semilla_de_tomate_limachino":1,"minecraft:string":7,"minecraft:dirt":46,"minecraft:raw_copper":39,"minecraft:bone":1,"minecraft:apple":3,"minecraft:wheat_seeds":4,"minecraft:iron_ingot":2,"minecraft:iron_pickaxe":3,"minecraft:sugar_cane":9,"minecraft:iron_sword":3,"minecraft:egg":1,"minecraft:stick":13,"minecraft:raw_iron":20,"chileancraft:semilla_de_uva_pais":2,"minecraft:gravel":19,"minecraft:porkchop":1,"minecraft:spruce_sapling":3,"chileancraft:semilla_de_a_ji_cacho_de_cabra":2,"minecraft:diorite":24,"chileancraft:semilla_de_choclo":4,"minecraft:spruce_log":81,"minecraft:spider_eye":1,"alexsmobs:animal_dictionary":1,"chileancraft:semilla_de_cebolla":2,"minecraft:granite":24,"minecraft:oak_sapling":17,"minecraft:coal":47,"minecraft:cobblestone":445},"minecraft:crafted":{"minecraft:oak_planks":4,"minecraft:wooden_shovel":1,"minecraft:cooked_porkchop":1,"minecraft:crafting_table":2,"minecraft:spruce_planks":48,"minecraft:wooden_pickaxe":1,"minecraft:iron_sword":1,"minecraft:spruce_door":3,"minecraft:furnace":1,"minecraft:stone":4,"minecraft:campfire":1,"minecraft:iron_chestplate":1,"minecraft:charcoal":7,"minecraft:iron_axe":1,"minecraft:spruce_wood":3,"minecraft:stick":22,"minecraft:iron_ingot":20,"minecraft:iron_pickaxe":2,"minecraft:stone_pickaxe":2,"minecraft:wooden_axe":1,"minecraft:stone_sword":1,"minecraft:chest":1,"minecraft:torch":16},"minecraft:broken":{"minecraft:stone_pickaxe":2,"minecraft:iron_pickaxe":1,"minecraft:wooden_axe":1,"minecraft:wooden_pickaxe":1}},"DataVersion":3120}