{"stats":{"minecraft:dropped":{"minecraft:iron_ingot":2,"minecraft:iron_sword":3,"minecraft:crafting_table":3,"minecraft:prismarine_crystals":1,"minecraft:feather":2,"minecraft:cobblestone":11,"minecraft:apple":1,"minecraft:spruce_door":2,"minecraft:coal":18,"minecraft:stick":6,"chileancraft:semilla_de_uva_red_globe":4,"minecraft:dirt":4,"chileancraft:mil_pesos":1,"minecraft:ink_sac":3,"minecraft:cooked_cod":6,"minecraft:wooden_sword":3,"minecraft:sand":1,"minecraft:iron_pickaxe":3,"minecraft:iron_shovel":2,"minecraft:birch_log":1,"minecraft:tripwire_hook":2,"minecraft:white_wool":1,"minecraft:spruce_sapling":1,"minecraft:bone":5,"minecraft:stone_sword":7,"minecraft:salmon":1,"minecraft:leather_chestplate":2,"chileancraft:trutruca":1,"minecraft:spruce_boat":1,"minecraft:spruce_planks":5,"minecraft:andesite":1,"minecraft:wooden_shovel":2,"minecraft:brown_bed":1,"minecraft:arrow":2,"minecraft:egg":3},"minecraft:killed_by":{"alexsmobs:skelewag":1,"minecraft:player":1,"minecraft:creeper":2,"minecraft:enderman":1,"minecraft:drowned":1,"minecraft:skeleton":4},"minecraft:picked_up":{"minecraft:wooden_axe":4,"minecraft:charcoal":2,"minecraft:crafting_table":12,"minecraft:fishing_rod":2,"chileancraft:tinaja_de_greda_cocida":1,"minecraft:iron_chestplate":8,"minecraft:wheat":8,"minecraft:chicken":6,"minecraft:leather_leggings":7,"minecraft:lead":2,"minecraft:brown_mushroom":4,"minecraft:wooden_pickaxe":2,"minecraft:brown_bed":2,"minecraft:potion":6,"chileancraft:semilla_de_tomate_limachino":1,"minecraft:string":12,"minecraft:cooked_salmon":6,"minecraft:raw_copper":326,"minecraft:iron_axe":5,"minecraft:wooden_sword":5,"minecraft:flint_and_steel":2,"minecraft:iron_shovel":2,"minecraft:spruce_planks":14,"minecraft:beef":54,"minecraft:rose_bush":2,"minecraft:iron_nugget":1,"minecraft:wooden_shovel":4,"minecraft:iron_pickaxe":7,"minecraft:sugar_cane":14,"minecraft:chest":1,"minecraft:egg":14,"minecraft:raw_iron":52,"minecraft:stick":68,"chileancraft:huevo_de_codorniz":1,"minecraft:sandstone":109,"minecraft:stone":4,"chileancraft:semilla_de_uva_pais":2,"chileancraft:remolino":2,"minecraft:torch":18,"chileancraft:moneda_de_100":144,"minecraft:porkchop":5,"minecraft:diorite":27,"minecraft:prismarine_crystals":24,"chileancraft:semilla_de_cebolla":2,"minecraft:stone_sword":15,"minecraft:arrow":16,"minecraft:stone_shovel":3,"minecraft:rotten_flesh":24,"minecraft:cooked_cod":15,"minecraft:tropical_fish":3,"chileancraft:telar_top":1,"minecraft:hay_block":20,"minecraft:gold_ingot":12,"minecraft:mutton":10,"minecraft:cod":5,"minecraft:white_wool":12,"minecraft:cobblestone":1545,"minecraft:birch_log":6,"chileancraft:plato_hondo_de_greda_cocida_item":1,"minecraft:leather_chestplate":1,"minecraft:feather":5,"minecraft:lilac":18,"chileancraft:diguenes":2,"chileancraft:semilla_de_uva_moscatel":6,"minecraft:tripwire_hook":4,"minecraft:andesite":282,"minecraft:salmon":4,"minecraft:potato":29,"minecraft:filled_map":4,"alexsmobs:cachalot_whale_tooth":1,"minecraft:flint":1,"minecraft:oak_log":127,"minecraft:cobblestone_wall":2,"minecraft:lapis_lazuli":58,"minecraft:dirt":794,"minecraft:lantern":3,"minecraft:bone":25,"minecraft:apple":3,"minecraft:stone_bricks":204,"minecraft:kelp":39,"minecraft:wheat_seeds":28,"minecraft:heart_of_the_sea":3,"chileancraft:semilla_de_uva_red_globe":10,"minecraft:iron_ingot":63,"minecraft:stone_pickaxe":3,"minecraft:oak_planks":8,"minecraft:iron_sword":6,"minecraft:sweet_berries":7,"minecraft:gravel":75,"minecraft:sand":140,"minecraft:spruce_sapling":6,"chileancraft:olla_de_greda_cocida":1,"chileancraft:semilla_de_a_ji_cacho_de_cabra":2,"minecraft:ink_sac":3,"minecraft:white_bed":2,"minecraft:spruce_log":215,"chileancraft:semilla_de_choclo":4,"minecraft:spider_eye":1,"minecraft:spruce_door":6,"chileancraft:trutruca":1,"alexsmobs:animal_dictionary":1,"minecraft:polished_andesite":192,"minecraft:diamond":6,"minecraft:spruce_boat":12,"minecraft:granite":66,"chileancraft:ropa_mapuche_0_chestplate":4,"minecraft:bread":26,"chileancraft:manzanilla":2,"minecraft:oak_sapling":19,"minecraft:coal":133,"chileancraft:mil_pesos":10},"minecraft:used":{"minecraft:stone_sword":103,"minecraft:iron_shovel":494,"minecraft:stone_shovel":7,"minecraft:chest":7,"minecraft:iron_sword":33,"minecraft:cooked_salmon":1,"minecraft:wooden_shovel":9,"minecraft:cooked_chicken":1,"minecraft:iron_chestplate":3,"minecraft:torch":28,"minecraft:dirt":676,"minecraft:cobblestone_wall":2,"minecraft:granite":2,"minecraft:wooden_axe":71,"minecraft:spruce_boat":10,"minecraft:lantern":6,"minecraft:iron_axe":70,"minecraft:sweet_berries":6,"minecraft:cooked_cod":1,"minecraft:furnace":2,"minecraft:egg":11,"minecraft:brown_bed":1,"minecraft:wheat_seeds":10,"minecraft:leather_leggings":2,"minecraft:diorite":8,"minecraft:spruce_door":5,"minecraft:stone_pickaxe":315,"minecraft:wooden_pickaxe":47,"minecraft:leather_chestplate":1,"chileancraft:ropa_mapuche_0_chestplate":1,"minecraft:sandstone":3,"minecraft:stonecutter":1,"minecraft:leather_boots":1,"minecraft:sand":56,"minecraft:crafting_table":15,"minecraft:white_bed":2,"minecraft:spruce_log":2,"chileancraft:super_8":2,"minecraft:apple":2,"minecraft:iron_pickaxe":1000,"minecraft:oak_button":2,"minecraft:bread":9,"chileancraft:remolino":2,"minecraft:spruce_sapling":1,"minecraft:diamond_sword":11,"minecraft:fishing_rod":17,"minecraft:wooden_sword":78,"minecraft:cobblestone":147,"minecraft:cooked_porkchop":1,"minecraft:andesite":2,"alexsmobs:animal_dictionary":5,"chileancraft:sopaipilla":1},"minecraft:killed":{"minecraft:spider":1,"minecraft:skeleton":2,"minecraft:chicken":2,"minecraft:drowned":1,"minecraft:pig":3,"minecraft:salmon":2,"minecraft:sheep":1,"minecraft:zombie":6},"minecraft:custom":{"minecraft:mob_kills":23,"minecraft:animals_bred":3,"minecraft:interact_with_crafting_table":89,"minecraft:open_barrel":2,"minecraft:leave_game":12,"minecraft:time_since_death":170324,"minecraft:climb_one_cm":5783,"minecraft:sprint_one_cm":117742,"minecraft:walk_one_cm":2474974,"minecraft:drop":93,"minecraft:talked_to_villager":3,"minecraft:play_time":518310,"minecraft:sneak_time":10191,"minecraft:deaths":10,"minecraft:walk_under_water_one_cm":79205,"minecraft:boat_one_cm":915881,"minecraft:jump":4683,"minecraft:interact_with_blast_furnace":1,"minecraft:walk_on_water_one_cm":170519,"minecraft:total_world_time":518310,"minecraft:interact_with_furnace":51,"minecraft:interact_with_stonecutter":26,"minecraft:sleep_in_bed":23,"minecraft:time_since_rest":31858,"minecraft:damage_taken":3680,"minecraft:damage_dealt":3186,"minecraft:swim_one_cm":1776,"minecraft:fly_one_cm":47204,"minecraft:open_chest":124,"minecraft:crouch_one_cm":33774,"minecraft:fish_caught":7,"minecraft:fall_one_cm":42131},"minecraft:crafted":{"minecraft:wooden_sword":3,"chileancraft:copper_nugget":180,"minecraft:oak_planks":30,"minecraft:stone_shovel":1,"minecraft:fishing_rod":1,"minecraft:iron_nugget":36,"chileancraft:cinco_mil_pesos":1,"minecraft:cooked_chicken":3,"minecraft:furnace":2,"minecraft:stone":250,"minecraft:flint_and_steel":1,"chileancraft:dos_mil_pesos":2,"minecraft:lantern":4,"minecraft:iron_axe":1,"minecraft:spruce_wood":3,"minecraft:stone_pickaxe":3,"minecraft:chest":6,"minecraft:oak_button":2,"minecraft:spruce_boat":5,"minecraft:stone_bricks":147,"chileancraft:moneda_de_500":14,"minecraft:cooked_cod":5,"minecraft:wooden_shovel":1,"minecraft:diamond_sword":1,"minecraft:cooked_porkchop":1,"minecraft:crafting_table":7,"minecraft:spruce_planks":164,"minecraft:wooden_pickaxe":3,"minecraft:iron_sword":1,"minecraft:spruce_door":6,"minecraft:cooked_salmon":2,"minecraft:copper_ingot":110,"chileancraft:moneda_de_10":720,"minecraft:campfire":1,"minecraft:stone_brick_stairs":31,"minecraft:iron_chestplate":1,"minecraft:white_wool":2,"minecraft:charcoal":7,"minecraft:stick":56,"minecraft:iron_pickaxe":4,"minecraft:iron_ingot":20,"minecraft:wooden_axe":3,"chileancraft:mil_pesos":7,"minecraft:stone_sword":2,"minecraft:iron_shovel":2,"chileancraft:moneda_de_50":144,"minecraft:stonecutter":1,"minecraft:white_bed":1,"chileancraft:moneda_de_100":72,"minecraft:torch":20,"minecraft:shears":1,"minecraft:polished_andesite":127},"minecraft:broken":{"minecraft:iron_shovel":1,"minecraft:wooden_pickaxe":1,"minecraft:stone_pickaxe":2,"minecraft:iron_pickaxe":4,"minecraft:wooden_axe":1},"minecraft:mined":{"minecraft:white_bed":2,"minecraft:granite":35,"minecraft:glow_lichen":1,"minecraft:grass_block":87,"minecraft:spruce_leaves":54,"minecraft:sandstone":28,"minecraft:large_fern":1,"minecraft:hay_block":5,"minecraft:oak_trapdoor":1,"minecraft:iron_ore":53,"minecraft:andesite":177,"minecraft:brown_bed":1,"minecraft:dirt_path":1,"minecraft:lantern":1,"minecraft:stone":784,"minecraft:brown_mushroom":2,"minecraft:spruce_door":3,"minecraft:torch":8,"minecraft:crafting_table":8,"minecraft:chest":1,"minecraft:rose_bush":2,"minecraft:copper_ore":35,"minecraft:tall_grass":6,"chileancraft:remolino":2,"minecraft:cobblestone":37,"minecraft:lapis_ore":8,"minecraft:oak_planks":1,"minecraft:sugar_cane":7,"minecraft:diorite":27,"minecraft:wall_torch":7,"minecraft:cobblestone_wall":2,"minecraft:birch_log":5,"minecraft:wheat":8,"minecraft:spruce_log":102,"minecraft:lilac":10,"minecraft:birch_leaves":4,"minecraft:grass":96,"minecraft:coal_ore":62,"minecraft:oak_log":53,"minecraft:gravel":42,"minecraft:sand":30,"minecraft:dirt":600,"minecraft:red_mushroom_block":2,"minecraft:oak_leaves":10,"minecraft:fern":3}},"DataVersion":3120}