{"stats":{"minecraft:killed":{"minecraft:spider":1,"minecraft:skeleton":1,"minecraft:chicken":2,"minecraft:drowned":1,"minecraft:pig":1,"minecraft:salmon":2,"minecraft:sheep":1,"minecraft:zombie":6},"minecraft:killed_by":{"alexsmobs:skelewag":1,"minecraft:player":1,"minecraft:creeper":2,"minecraft:enderman":1,"minecraft:drowned":1,"minecraft:skeleton":4},"minecraft:mined":{"minecraft:white_bed":2,"minecraft:glow_lichen":1,"minecraft:granite":34,"minecraft:grass_block":29,"minecraft:spruce_leaves":50,"minecraft:sandstone":28,"minecraft:hay_block":5,"minecraft:large_fern":1,"minecraft:oak_trapdoor":1,"minecraft:iron_ore":53,"minecraft:andesite":177,"minecraft:brown_bed":1,"minecraft:dirt_path":1,"minecraft:stone":741,"minecraft:brown_mushroom":2,"minecraft:crafting_table":4,"chileancraft:remolino":2,"minecraft:tall_grass":6,"minecraft:copper_ore":34,"minecraft:cobblestone":37,"minecraft:lapis_ore":8,"minecraft:sugar_cane":7,"minecraft:oak_planks":1,"minecraft:diorite":27,"minecraft:wall_torch":3,"minecraft:birch_log":5,"minecraft:wheat":8,"minecraft:lilac":10,"minecraft:spruce_log":87,"minecraft:birch_leaves":4,"minecraft:grass":83,"minecraft:oak_log":53,"minecraft:coal_ore":62,"minecraft:gravel":21,"minecraft:sand":27,"minecraft:dirt":45,"minecraft:red_mushroom_block":2,"minecraft:oak_leaves":10,"minecraft:fern":1},"minecraft:picked_up":{"minecraft:wooden_axe":4,"minecraft:fishing_rod":1,"minecraft:charcoal":2,"chileancraft:tinaja_de_greda_cocida":1,"minecraft:crafting_table":7,"minecraft:iron_chestplate":7,"minecraft:wheat":8,"minecraft:chicken":6,"minecraft:leather_leggings":6,"minecraft:brown_mushroom":4,"minecraft:lead":2,"minecraft:wooden_pickaxe":1,"minecraft:brown_bed":2,"minecraft:potion":6,"chileancraft:semilla_de_tomate_limachino":1,"minecraft:string":12,"minecraft:raw_copper":252,"minecraft:iron_axe":5,"minecraft:cooked_salmon":6,"minecraft:wooden_sword":2,"minecraft:flint_and_steel":2,"minecraft:spruce_planks":6,"minecraft:beef":41,"minecraft:wooden_shovel":2,"minecraft:iron_pickaxe":5,"minecraft:sugar_cane":14,"minecraft:egg":7,"minecraft:stick":64,"minecraft:raw_iron":52,"minecraft:sandstone":109,"minecraft:stone":4,"chileancraft:semilla_de_uva_pais":2,"chileancraft:remolino":2,"minecraft:torch":3,"chileancraft:moneda_de_100":144,"minecraft:porkchop":1,"minecraft:diorite":27,"minecraft:prismarine_crystals":18,"chileancraft:semilla_de_cebolla":2,"minecraft:stone_sword":13,"minecraft:arrow":12,"minecraft:rotten_flesh":23,"minecraft:stone_shovel":3,"minecraft:cooked_cod":12,"minecraft:tropical_fish":2,"chileancraft:telar_top":1,"minecraft:hay_block":15,"minecraft:gold_ingot":12,"minecraft:cod":5,"minecraft:mutton":10,"minecraft:white_wool":12,"minecraft:cobblestone":1502,"minecraft:birch_log":6,"chileancraft:plato_hondo_de_greda_cocida_item":1,"minecraft:feather":3,"minecraft:lilac":18,"chileancraft:diguenes":2,"chileancraft:semilla_de_uva_moscatel":5,"minecraft:tripwire_hook":2,"minecraft:salmon":4,"minecraft:andesite":273,"minecraft:potato":21,"minecraft:filled_map":4,"alexsmobs:cachalot_whale_tooth":1,"minecraft:flint":1,"minecraft:oak_log":127,"minecraft:lapis_lazuli":58,"minecraft:dirt":135,"minecraft:bone":19,"minecraft:apple":3,"minecraft:stone_bricks":166,"minecraft:kelp":39,"minecraft:wheat_seeds":27,"chileancraft:semilla_de_uva_red_globe":1,"minecraft:heart_of_the_sea":3,"minecraft:stone_pickaxe":3,"minecraft:iron_ingot":57,"minecraft:iron_sword":6,"minecraft:oak_planks":4,"minecraft:sweet_berries":7,"minecraft:gravel":50,"minecraft:sand":135,"minecraft:spruce_sapling":6,"chileancraft:olla_de_greda_cocida":1,"chileancraft:semilla_de_a_ji_cacho_de_cabra":2,"chileancraft:semilla_de_choclo":4,"minecraft:white_bed":2,"minecraft:spruce_log":197,"chileancraft:trutruca":1,"minecraft:spider_eye":1,"alexsmobs:animal_dictionary":1,"minecraft:polished_andesite":128,"minecraft:diamond":6,"minecraft:spruce_boat":10,"minecraft:granite":65,"chileancraft:ropa_mapuche_0_chestplate":3,"minecraft:bread":18,"chileancraft:manzanilla":2,"minecraft:oak_sapling":19,"minecraft:coal":81,"chileancraft:mil_pesos":7},"minecraft:crafted":{"minecraft:wooden_sword":3,"chileancraft:copper_nugget":180,"minecraft:oak_planks":30,"minecraft:stone_shovel":1,"minecraft:fishing_rod":1,"minecraft:cooked_chicken":3,"minecraft:furnace":2,"minecraft:stone":249,"minecraft:flint_and_steel":1,"chileancraft:dos_mil_pesos":1,"minecraft:iron_axe":1,"minecraft:spruce_wood":3,"minecraft:stone_pickaxe":3,"minecraft:chest":3,"minecraft:oak_button":2,"minecraft:spruce_boat":4,"minecraft:stone_bricks":147,"chileancraft:moneda_de_500":14,"minecraft:cooked_cod":5,"minecraft:wooden_shovel":1,"minecraft:cooked_porkchop":1,"minecraft:crafting_table":6,"minecraft:spruce_planks":120,"minecraft:wooden_pickaxe":2,"minecraft:iron_sword":1,"minecraft:spruce_door":3,"minecraft:cooked_salmon":2,"minecraft:copper_ingot":39,"chileancraft:moneda_de_10":720,"minecraft:campfire":1,"minecraft:stone_brick_stairs":31,"minecraft:white_wool":2,"minecraft:iron_chestplate":1,"minecraft:charcoal":7,"minecraft:stick":44,"minecraft:iron_ingot":20,"minecraft:iron_pickaxe":4,"minecraft:wooden_axe":3,"chileancraft:mil_pesos":7,"minecraft:stone_sword":2,"chileancraft:moneda_de_50":144,"minecraft:stonecutter":1,"minecraft:white_bed":1,"chileancraft:moneda_de_100":72,"minecraft:torch":16,"minecraft:shears":1,"minecraft:polished_andesite":127},"minecraft:dropped":{"minecraft:iron_ingot":2,"minecraft:iron_sword":3,"minecraft:crafting_table":3,"minecraft:cobblestone":10,"minecraft:apple":1,"minecraft:coal":2,"minecraft:dirt":2,"chileancraft:mil_pesos":1,"minecraft:cooked_cod":3,"minecraft:sand":1,"minecraft:iron_pickaxe":3,"minecraft:birch_log":1,"minecraft:white_wool":1,"minecraft:bone":1,"minecraft:stone_sword":5,"minecraft:salmon":1,"chileancraft:trutruca":1,"minecraft:spruce_boat":1,"minecraft:andesite":1,"minecraft:arrow":2,"minecraft:egg":3},"minecraft:custom":{"minecraft:mob_kills":19,"minecraft:animals_bred":3,"minecraft:interact_with_crafting_table":61,"minecraft:open_barrel":2,"minecraft:leave_game":10,"minecraft:time_since_death":16320,"minecraft:climb_one_cm":2462,"minecraft:sprint_one_cm":59474,"minecraft:walk_one_cm":1683155,"minecraft:drop":48,"minecraft:talked_to_villager":3,"minecraft:play_time":364306,"minecraft:sneak_time":9506,"minecraft:deaths":10,"minecraft:walk_under_water_one_cm":62815,"minecraft:boat_one_cm":872572,"minecraft:jump":3492,"minecraft:interact_with_blast_furnace":1,"minecraft:walk_on_water_one_cm":148448,"minecraft:total_world_time":364306,"minecraft:interact_with_furnace":37,"minecraft:interact_with_stonecutter":25,"minecraft:sleep_in_bed":15,"minecraft:time_since_rest":16468,"minecraft:damage_taken":3132,"minecraft:damage_dealt":2624,"minecraft:swim_one_cm":1776,"minecraft:fly_one_cm":43215,"minecraft:open_chest":60,"minecraft:crouch_one_cm":30628,"minecraft:fish_caught":7,"minecraft:fall_one_cm":32791},"minecraft:used":{"minecraft:stone_sword":95,"minecraft:stone_shovel":7,"minecraft:chest":3,"minecraft:iron_sword":33,"minecraft:cooked_chicken":1,"minecraft:cooked_salmon":1,"minecraft:wooden_shovel":9,"minecraft:iron_chestplate":3,"minecraft:torch":17,"minecraft:dirt":79,"minecraft:granite":2,"minecraft:spruce_boat":8,"minecraft:wooden_axe":64,"minecraft:iron_axe":70,"minecraft:sweet_berries":6,"minecraft:cooked_cod":1,"minecraft:furnace":2,"minecraft:egg":4,"minecraft:brown_bed":1,"minecraft:wheat_seeds":10,"minecraft:diorite":8,"minecraft:leather_leggings":2,"minecraft:spruce_door":1,"minecraft:stone_pickaxe":315,"minecraft:leather_chestplate":1,"minecraft:wooden_pickaxe":46,"chileancraft:ropa_mapuche_0_chestplate":1,"minecraft:sandstone":3,"minecraft:stonecutter":1,"minecraft:leather_boots":1,"minecraft:sand":51,"minecraft:crafting_table":9,"minecraft:white_bed":2,"minecraft:spruce_log":2,"chileancraft:super_8":1,"minecraft:apple":2,"chileancraft:remolino":1,"minecraft:oak_button":2,"minecraft:bread":1,"minecraft:iron_pickaxe":937,"minecraft:spruce_sapling":1,"minecraft:fishing_rod":17,"minecraft:wooden_sword":52,"minecraft:cobblestone":146,"minecraft:cooked_porkchop":1,"minecraft:andesite":2,"alexsmobs:animal_dictionary":5},"minecraft:broken":{"minecraft:wooden_pickaxe":1,"minecraft:stone_pickaxe":2,"minecraft:iron_pickaxe":3,"minecraft:wooden_axe":1}},"DataVersion":3120}