{"stats":{"minecraft:picked_up":{"minecraft:birch_log":6,"minecraft:crafting_table":5,"chileancraft:semilla_de_uva_moscatel":1,"minecraft:andesite":39,"minecraft:brown_mushroom":2,"minecraft:lead":2,"minecraft:flint":1,"minecraft:oak_log":42,"chileancraft:semilla_de_tomate_limachino":1,"minecraft:dirt":67,"minecraft:string":8,"minecraft:raw_copper":39,"minecraft:bone":7,"minecraft:apple":3,"minecraft:wheat_seeds":4,"minecraft:iron_ingot":2,"minecraft:iron_pickaxe":3,"minecraft:sugar_cane":9,"minecraft:iron_sword":3,"minecraft:egg":1,"minecraft:stick":14,"minecraft:raw_iron":20,"chileancraft:semilla_de_uva_pais":2,"minecraft:sand":2,"minecraft:gravel":20,"minecraft:porkchop":1,"minecraft:spruce_sapling":4,"chileancraft:semilla_de_a_ji_cacho_de_cabra":2,"minecraft:diorite":24,"chileancraft:semilla_de_choclo":4,"minecraft:spruce_log":82,"minecraft:spider_eye":1,"alexsmobs:animal_dictionary":1,"chileancraft:semilla_de_cebolla":2,"minecraft:stone_sword":1,"minecraft:granite":24,"minecraft:oak_sapling":17,"minecraft:mutton":3,"minecraft:coal":47,"minecraft:white_wool":5,"minecraft:cobblestone":535},"minecraft:broken":{"minecraft:stone_pickaxe":2,"minecraft:iron_pickaxe":2,"minecraft:wooden_axe":1,"minecraft:wooden_pickaxe":1},"minecraft:dropped":{"minecraft:iron_ingot":2,"minecraft:iron_sword":3,"minecraft:stone_sword":1,"minecraft:crafting_table":3,"minecraft:cobblestone":10,"minecraft:apple":1,"minecraft:coal":2,"minecraft:dirt":1,"minecraft:andesite":1,"minecraft:iron_pickaxe":3,"minecraft:birch_log":1,"minecraft:white_wool":1,"minecraft:bone":1},"minecraft:custom":{"minecraft:interact_with_furnace":15,"minecraft:mob_kills":7,"minecraft:interact_with_crafting_table":28,"minecraft:open_barrel":1,"minecraft:leave_game":3,"minecraft:time_since_death":5994,"minecraft:sleep_in_bed":2,"minecraft:climb_one_cm":1033,"minecraft:time_since_rest":321,"minecraft:sprint_one_cm":25613,"minecraft:damage_taken":644,"minecraft:walk_one_cm":663592,"minecraft:drop":30,"minecraft:damage_dealt":898,"minecraft:swim_one_cm":1073,"minecraft:fly_one_cm":5740,"minecraft:open_chest":14,"minecraft:crouch_one_cm":5391,"minecraft:play_time":143370,"minecraft:deaths":2,"minecraft:sneak_time":2948,"minecraft:walk_under_water_one_cm":13236,"minecraft:jump":1343,"minecraft:walk_on_water_one_cm":34113,"minecraft:total_world_time":143370,"minecraft:fall_one_cm":9510},"minecraft:mined":{"minecraft:brown_mushroom":2,"minecraft:crafting_table":2,"minecraft:granite":25,"minecraft:grass_block":9,"minecraft:copper_ore":11,"minecraft:cobblestone":28,"minecraft:spruce_leaves":47,"minecraft:sugar_cane":4,"minecraft:diorite":24,"minecraft:birch_log":5,"minecraft:iron_ore":20,"minecraft:spruce_log":76,"minecraft:andesite":39,"minecraft:grass":69,"minecraft:oak_log":49,"minecraft:coal_ore":46,"minecraft:dirt_path":1,"minecraft:gravel":21,"minecraft:dirt":32,"minecraft:stone":542,"minecraft:oak_leaves":6,"minecraft:fern":1},"minecraft:killed_by":{"minecraft:player":1,"minecraft:skeleton":1},"minecraft:used":{"minecraft:diorite":8,"minecraft:stone_sword":16,"minecraft:spruce_door":1,"minecraft:stone_pickaxe":262,"minecraft:wooden_pickaxe":44,"minecraft:chest":1,"minecraft:iron_sword":33,"minecraft:wooden_shovel":9,"minecraft:iron_chestplate":1,"minecraft:torch":14,"minecraft:dirt":39,"minecraft:crafting_table":4,"minecraft:white_bed":1,"minecraft:granite":2,"minecraft:spruce_log":1,"minecraft:wooden_axe":64,"minecraft:apple":2,"minecraft:iron_axe":70,"minecraft:iron_pickaxe":498,"minecraft:wooden_sword":21,"minecraft:cobblestone":132,"minecraft:furnace":1,"minecraft:cooked_porkchop":1,"alexsmobs:animal_dictionary":5,"minecraft:egg":1},"minecraft:killed":{"minecraft:pig":1,"minecraft:spider":1,"minecraft:skeleton":1,"minecraft:zombie":1},"minecraft:crafted":{"minecraft:wooden_sword":1,"minecraft:oak_planks":8,"minecraft:wooden_shovel":1,"minecraft:cooked_porkchop":1,"minecraft:crafting_table":2,"minecraft:spruce_planks":60,"minecraft:wooden_pickaxe":2,"minecraft:iron_sword":1,"minecraft:spruce_door":3,"minecraft:furnace":1,"minecraft:stone":4,"minecraft:campfire":1,"minecraft:flint_and_steel":1,"minecraft:white_wool":2,"minecraft:iron_chestplate":1,"minecraft:charcoal":7,"minecraft:spruce_wood":3,"minecraft:iron_axe":1,"minecraft:stick":28,"minecraft:iron_ingot":20,"minecraft:iron_pickaxe":2,"minecraft:stone_pickaxe":3,"minecraft:wooden_axe":2,"minecraft:stone_sword":2,"minecraft:chest":1,"minecraft:white_bed":1,"minecraft:torch":16}},"DataVersion":3120}